,ts_code,name,count,exchange,list_date,type
0,864006.TI,固态电池,3.0,A,,N
1,864007.TI,太阳能,16.0,A,,N
2,864008.TI,激光雷达,3.0,A,,N
3,864009.TI,CAR-T,12.0,A,,N
4,864010.TI,NFT,18.0,A,,N
5,864011.TI,社交概念,8.0,A,,N
6,864012.TI,氢能源,3.0,A,,N
7,864013.TI,WSB概念,14.0,A,,N
8,864014.TI,基因编辑,5.0,A,,N
9,864015.TI,邮轮,4.0,A,,N
10,864016.TI,OLED,4.0,A,,N
11,864017.TI,太空旅行,13.0,A,,N
12,864018.TI,AR&元宇宙,10.0,A,,N
13,864019.TI,老年痴呆,4.0,A,,N
14,864020.TI,大麻,20.0,A,,N
15,864021.TI,充电桩,4.0,A,,N
16,864022.TI,5G,19.0,A,,N
17,864023.TI,远程办公,4.0,A,,N
18,864024.TI,3D打印,9.0,A,,N
19,864025.TI,无人机,3.0,A,,N
20,864026.TI,SaaS,34.0,A,,N
21,864027.TI,新冠概念,27.0,A,,N
22,864028.TI,新能源车,20.0,A,,N
23,864029.TI,川普概念股,3.0,A,,N
24,865001.TI,水利,7.0,US,20180108,N
25,865002.TI,无人驾驶,7.0,US,20180108,N
26,865003.TI,铝业,5.0,US,20180108,N
27,865004.TI,苹果概念股,26.0,US,20180108,N
28,865005.TI,风电,5.0,US,20180108,N
29,865006.TI,电信运营,8.0,US,20180108,N
30,865007.TI,锂电池,7.0,US,20180108,N
31,865008.TI,特斯拉概念,5.0,US,20180108,N
32,865009.TI,现代服务业,35.0,US,20180108,N
33,865010.TI,基因测序,6.0,US,20180108,N
34,865011.TI,油气开采,13.0,US,20180108,N
35,865012.TI,汽车制造,18.0,US,20180108,N
36,865013.TI,区块链,32.0,US,20180108,N
37,865014.TI,奢侈品,4.0,US,20180108,N
38,865015.TI,搜索引擎,5.0,US,20180108,N
39,865016.TI,农业现代化,7.0,US,20180108,N
40,865017.TI,量子通信,5.0,US,20180108,N
41,865018.TI,博彩,19.0,US,20180108,N
42,865019.TI,智能家居,10.0,US,20180108,N
43,865020.TI,酒业,5.0,US,20180108,N
44,865021.TI,干细胞,4.0,US,20180108,N
45,865022.TI,核电,7.0,US,20180108,N
46,865023.TI,乳业,4.0,US,20180108,N
47,865024.TI,生物质能,6.0,US,20180108,N
48,865025.TI,固废处理,5.0,US,20180108,N
49,865026.TI,抗癌医药,19.0,US,20180108,N
50,865027.TI,特朗普税改,10.0,US,20180108,N
51,865028.TI,巴菲特持股,40.0,US,20180108,N
52,865029.TI,在线旅游,5.0,US,20180108,N
53,865030.TI,黄金,48.0,US,20180108,N
54,865031.TI,页岩油,12.0,US,20180108,N
55,865032.TI,天然气,23.0,US,20180108,N
56,865033.TI,CAR-T,5.0,US,20180108,N
57,865034.TI,电子竞技,7.0,US,20180108,N
58,865035.TI,虚拟现实,6.0,US,20180108,N
59,865036.TI,医疗保险,7.0,US,20180108,N
60,865037.TI,纳米,13.0,US,20180108,N
61,865038.TI,光纤,10.0,US,20180108,N
62,865039.TI,互联网金融,8.0,US,20180108,N
63,865040.TI,智慧城市,10.0,US,20180108,N
64,865041.TI,大消费,7.0,US,20180108,N
65,865042.TI,OLED,4.0,US,20180108,N
66,865044.TI,航空租赁,6.0,US,20180108,N
67,865045.TI,3D打印,5.0,US,20180108,N
68,865046.TI,餐饮连锁,10.0,US,20180108,N
69,865047.TI,固态硬盘,5.0,US,20180108,N
70,865048.TI,数字音乐,7.0,US,20180108,N
71,865049.TI,AR概念股,6.0,US,20180108,N
72,865050.TI,物联网,7.0,US,20180108,N
73,865051.TI,网络安全,6.0,US,20180108,N
74,865052.TI,财产管理,38.0,US,20180108,N
75,865053.TI,半导体,30.0,US,20180108,N
76,865054.TI,新能源汽车,15.0,US,20180108,N
77,865055.TI,互联网+,10.0,US,20180108,N
78,865056.TI,大数据,11.0,US,20180108,N
79,865057.TI,太阳能,12.0,US,20180108,N
80,865058.TI,油气装备,17.0,US,20180108,N
81,865059.TI,信用支付,6.0,US,20180108,N
82,865060.TI,智能穿戴,3.0,US,20180108,N
83,865061.TI,生物疫苗,6.0,US,20180108,N
84,865062.TI,军工,23.0,US,20180108,N
85,865063.TI,5G,21.0,US,20180108,N
86,865064.TI,人工智能,23.0,US,20180108,N
87,865065.TI,人脸识别,5.0,US,20180108,N
88,865066.TI,体育,14.0,US,20180108,N
89,865067.TI,内地房地产,5.0,US,20180108,N
90,865068.TI,国企改革,3.0,US,20180108,N
91,865069.TI,工程建设,2.0,US,20180108,N
92,865070.TI,枪械制造,3.0,US,20180108,N
93,865071.TI,流媒体,6.0,US,20180108,N
94,865072.TI,特朗普概念,20.0,US,20180108,N
95,865073.TI,科技股,19.0,US,,N
96,865074.TI,文化传媒,11.0,US,20180108,N
97,865075.TI,网络视频,5.0,US,20180108,N
98,865076.TI,医疗器械,12.0,US,20180108,N
99,865077.TI,生物医药,39.0,US,20180108,N
100,865078.TI,云计算,9.0,US,20180108,N
101,865079.TI,移动支付,5.0,US,20180108,N
102,865080.TI,明星股,328.0,US,20180108,N
103,865081.TI,O2O,7.0,US,20180108,N
104,865082.TI,集成电路,7.0,US,20180108,N
105,865083.TI,网络游戏,9.0,US,20180108,N
106,865084.TI,移动互联网,14.0,US,20180108,N
107,865085.TI,BIT概念,8.0,US,20180108,N
108,865086.TI,指纹技术,4.0,US,20180108,N
109,865087.TI,新能源,3.0,US,20180108,N
110,865088.TI,传感器,7.0,US,20180108,N
111,865089.TI,无线充电,5.0,US,20180108,N
112,865090.TI,光伏概念,16.0,US,20180108,N
113,865091.TI,大麻概念股,6.0,US,20180108,N
114,865092.TI,稀有金属,5.0,US,20180108,N
115,865093.TI,节能环保,8.0,US,20180108,N
116,865094.TI,在线教育,8.0,US,20180108,N
117,865095.TI,新材料,5.0,US,20180108,N
118,865096.TI,物流,22.0,US,20180108,N
119,865097.TI,品牌服饰,9.0,US,20180108,N
120,865098.TI,健康产业,23.0,US,20180108,N
121,865099.TI,酒店,5.0,US,20180108,N
122,865100.TI,P2P,2.0,US,20180108,N
123,865103.TI,婴幼儿产品,5.0,US,20180108,N
124,865105.TI,工业4.0,5.0,US,20180108,N
125,865106.TI,电子商务,24.0,US,20180108,N
126,865107.TI,航空,10.0,US,20180108,N
127,865108.TI,软件外包,11.0,US,20180108,N
128,865109.TI,安防,5.0,US,20180108,N
129,865111.TI,CDR概念,5.0,US,,N
130,865112.TI,贸易战受益股,6.0,US,,N
131,865113.TI,贸易战受损股,9.0,US,,N
132,865114.TI,新零售,8.0,US,,N
133,865115.TI,芯片概念,11.0,US,,N
134,865116.TI,MCU,4.0,US,,N
135,865118.TI,直播概念股,9.0,US,,N
136,865119.TI,盖茨持股,4.0,US,,N
137,865123.TI,平台经济,7.0,US,20201112,N
138,865124.TI,WSB概念,27.0,US,20210201,N
139,875001.TI,医疗器械,15.0,HK,20180108,N
140,875003.TI,智能物流,5.0,HK,20180108,N
141,875004.TI,智能医疗,6.0,HK,20180108,N
142,875007.TI,建材水泥股,6.0,HK,20180108,N
143,875008.TI,腾讯概念,21.0,HK,20180108,N
144,875009.TI,光大系,6.0,HK,20180108,N
145,875010.TI,外国公司,12.0,HK,20180108,N
146,875013.TI,高校,8.0,HK,20180108,N
147,875015.TI,中信系,6.0,HK,20180108,N
148,875016.TI,核电核能,8.0,HK,20180108,N
149,875017.TI,新能源汽车,23.0,HK,20180108,N
150,875018.TI,移动支付,13.0,HK,20180108,N
151,875019.TI,民营医院,7.0,HK,20180108,N
152,875020.TI,在线旅游,6.0,HK,20180108,N
153,875021.TI,移动互联网,32.0,HK,20180108,N
154,875022.TI,高铁,8.0,HK,20180108,N
155,875023.TI,页岩气,17.0,HK,20180108,N
156,875025.TI,彩票概念股,9.0,HK,20180108,N
157,875026.TI,双十一,10.0,HK,20180108,N
158,875027.TI,养老概念,7.0,HK,20180108,N
159,875029.TI,互联网信贷,6.0,HK,20180108,N
160,875030.TI,军工股,10.0,HK,20180108,N
161,875031.TI,虚拟现实,7.0,HK,20180108,N
162,875032.TI,租售同权,8.0,HK,20180108,N
163,875033.TI,国企改革,157.0,HK,20180108,N
164,875034.TI,石油股,10.0,HK,20180108,N
165,875035.TI,化妆美容股,6.0,HK,20180108,N
166,875037.TI,节能照明,3.0,HK,20180108,N
167,875038.TI,医药股,30.0,HK,20180108,N
168,875039.TI,雄安概念股,7.0,HK,20180108,N
169,875040.TI,人工智能,22.0,HK,20180108,N
170,875041.TI,一带一路,13.0,HK,20180108,N
171,875042.TI,环保,10.0,HK,20180108,N
172,875044.TI,特斯拉,13.0,HK,20180108,N
173,875045.TI,红筹股,7.0,HK,20180108,N
174,875046.TI,核电,7.0,HK,20180108,N
175,875047.TI,奢侈品股,13.0,HK,20180108,N
176,875049.TI,内银股,29.0,HK,20180108,N
177,875051.TI,零售股,9.0,HK,20180108,N
178,875052.TI,物联网,7.0,HK,20180108,N
179,875053.TI,光伏太阳能,16.0,HK,20180108,N
180,875054.TI,大数据,5.0,HK,20180108,N
181,875055.TI,无人驾驶,7.0,HK,20180108,N
182,875056.TI,铁矿石,24.0,HK,20180108,N
183,875057.TI,中医药,11.0,HK,20211229,N
184,875058.TI,智能穿戴,9.0,HK,20180108,N
185,875059.TI,互联网保险,5.0,HK,20180108,N
186,875060.TI,蓝筹地产股,5.0,HK,20180108,N
187,875061.TI,中资券商股,22.0,HK,20180108,N
188,875062.TI,重型机械股,8.0,HK,20180108,N
189,875063.TI,紫光系,8.0,HK,20180108,N
190,875064.TI,MSCI概念,64.0,HK,20180108,N
191,875065.TI,阿里巴巴概念,17.0,HK,20180108,N
192,875066.TI,苹果概念,14.0,HK,20180108,N
193,875067.TI,殡葬,5.0,HK,20180108,N
194,875068.TI,华润系,5.0,HK,20180108,N
195,875069.TI,台资企业,32.0,HK,20180108,N
196,875072.TI,长和系,11.0,HK,20180108,N
197,875073.TI,体育用品股,8.0,HK,20180108,N
198,875076.TI,互联网金融,9.0,HK,20180108,N
199,875077.TI,信息安全,5.0,HK,20180108,N
200,875079.TI,手机游戏,31.0,HK,20180108,N
201,875080.TI,电子竞技,6.0,HK,20180108,N
202,875081.TI,5G,24.0,HK,20180108,N
203,875082.TI,锂电池,9.0,HK,20180108,N
204,875083.TI,人民币升值,7.0,HK,20180108,N
205,875084.TI,燃料电池,6.0,HK,20180108,N
206,875086.TI,网络安全,6.0,HK,20180108,N
207,875087.TI,芯片替代,21.0,HK,20180108,N
208,875088.TI,教育服务,42.0,HK,20180108,N
209,875089.TI,纸业股,5.0,HK,20180108,N
210,875090.TI,内地房地产,22.0,HK,20180108,N
211,875091.TI,内险股,10.0,HK,20180108,N
212,875092.TI,体育,16.0,HK,20180108,N
213,875093.TI,安防,5.0,HK,20180108,N
214,875094.TI,LED,10.0,HK,20180108,N
215,875095.TI,粤港澳,21.0,HK,20180108,N
216,875097.TI,航空股,9.0,HK,20180108,N
217,875098.TI,稀土永磁,6.0,HK,20180108,N
218,875099.TI,工业4.0,7.0,HK,20180108,N
219,875100.TI,网络游戏,29.0,HK,20180108,N
220,875102.TI,博彩概念,28.0,HK,20180108,N
221,875104.TI,影视娱乐,32.0,HK,20180108,N
222,875105.TI,小额贷款,8.0,HK,20180108,N
223,875106.TI,物流,45.0,HK,20180108,N
224,875107.TI,猪肉,5.0,HK,20180108,N
225,875108.TI,汽车制造,30.0,HK,20180108,N
226,875109.TI,煤化工,17.0,HK,20180108,N
227,875110.TI,黄金,8.0,HK,20180108,N
228,875111.TI,婴童,21.0,HK,20180108,N
229,875112.TI,财产管理,83.0,HK,20180108,N
230,875113.TI,天然气,55.0,HK,20180108,N
231,875114.TI,风电,11.0,HK,20180108,N
232,875115.TI,太阳能,16.0,HK,20180108,N
233,875116.TI,现代服务业,132.0,HK,20180108,N
234,875117.TI,集成电路,14.0,HK,20180108,N
235,875118.TI,新材料,14.0,HK,20180108,N
236,875120.TI,农业现代化,33.0,HK,20180108,N
237,875121.TI,连锁酒店,30.0,HK,20180108,N
238,875122.TI,电子商务,22.0,HK,20180108,N
239,875123.TI,品牌服饰,60.0,HK,20180108,N
240,875124.TI,建筑节能,5.0,HK,20180108,N
241,875125.TI,涉矿,24.0,HK,20180108,N
242,875126.TI,保险,16.0,HK,20180108,N
243,875127.TI,小金属,25.0,HK,20180108,N
244,875128.TI,健康产业,50.0,HK,20180108,N
245,875129.TI,餐饮连锁,52.0,HK,20180108,N
246,875130.TI,融资租赁,12.0,HK,20180108,N
247,875131.TI,乳业,12.0,HK,20180108,N
248,875132.TI,物业投资,106.0,HK,20180108,N
249,875133.TI,医疗美容器械,13.0,HK,20180108,N
250,875134.TI,生物医药,56.0,HK,20180108,N
251,875135.TI,互联网+,30.0,HK,20180108,N
252,875136.TI,文化传媒,56.0,HK,20180108,N
253,875137.TI,软件外包,24.0,HK,20180108,N
254,875138.TI,节能环保,59.0,HK,20180108,N
255,875139.TI,电子信息,84.0,HK,20180108,N
256,875141.TI,区块链概念,13.0,HK,20180108,N
257,875142.TI,三胎,19.0,HK,20180108,N
258,875144.TI,CAR-T,7.0,HK,,N
259,875146.TI,智能家居,5.0,HK,,N
260,875149.TI,云计算,7.0,HK,,N
261,875150.TI,富士康概念,5.0,HK,,N
262,875151.TI,互联网医疗,7.0,HK,,N
263,875152.TI,工业废水处理,5.0,HK,,N
264,875153.TI,智慧城市,12.0,HK,,N
265,875154.TI,小米概念,7.0,HK,,N
266,875155.TI,创新药,12.0,HK,,N
267,875157.TI,通讯传输设备,5.0,HK,,N
268,875158.TI,抗癌概念,11.0,HK,,N
269,875159.TI,工业互联网,8.0,HK,,N
270,875161.TI,创投概念,8.0,HK,,N
271,875162.TI,两会概念,4.0,HK,,N
272,875163.TI,海南板块,12.0,HK,,N
273,875164.TI,自由贸易港,19.0,HK,,N
274,875165.TI,专科医院,6.0,HK,,N
275,875166.TI,独角兽,15.0,HK,,N
276,875167.TI,贸易战概念股,7.0,HK,,N
277,875169.TI,CDR概念,5.0,HK,,N
278,875170.TI,金融科技,15.0,HK,,N
279,875172.TI,知名公司,126.0,HK,20180907,N
280,875181.TI,物业管理,45.0,HK,20200619,N
281,875182.TI,租赁,6.0,HK,20200619,N
282,875183.TI,家用电器,18.0,HK,20200619,N
283,875184.TI,公用股,4.0,HK,20200619,N
284,875185.TI,百货业,6.0,HK,20200619,N
285,875186.TI,新经济概念,16.0,HK,20200622,N
286,875187.TI,Saas概念,19.0,HK,20200622,N
287,875188.TI,生物医药B类,45.0,HK,20200622,N
288,875189.TI,抗疫,15.0,HK,20200622,N
289,875190.TI,华为概念,9.0,HK,20200622,N
290,875191.TI,云办公,5.0,HK,20200622,N
291,875193.TI,同股不同权,16.0,HK,20200622,N
292,875194.TI,节假日概念,20.0,HK,20200622,N
293,875195.TI,啤酒概念,5.0,HK,20200703,N
294,875196.TI,恒大系,4.0,HK,20210915,N
295,875197.TI,烟草,6.0,HK,20210915,N
296,875198.TI,互联网出海,16.0,HK,20210927,N
297,875199.TI,新IT概念,12.0,HK,20210929,N
298,875200.TI,煤炭概念,25.0,HK,20211014,N
299,875201.TI,元宇宙,17.0,HK,20211020,N
300,875202.TI,碳中和,48.0,HK,20211022,N
301,875203.TI,家具,35.0,HK,20211022,N
302,875204.TI,铝,6.0,HK,20211027,N
303,875205.TI,K12教育,11.0,HK,20211027,N
304,875206.TI,短视频,11.0,HK,20211027,N
305,875207.TI,铜,11.0,HK,20211027,N
306,875208.TI,旅游及观光,19.0,HK,20211028,N
307,875209.TI,电信股,8.0,HK,20211028,N
308,875210.TI,非酒精饮料,14.0,HK,20211028,N
309,875211.TI,回港中概股,19.0,HK,20211207,N
310,875212.TI,绿色电力,13.0,HK,20211229,N
311,875213.TI,OLED,4.0,HK,20220105,N
312,875214.TI,医美概念,14.0,HK,20220105,N
313,875215.TI,电影概念,5.0,HK,20220105,N
314,883300.TI,沪深300样本股,300.0,A,20100413,N
315,883301.TI,上证50样本股,50.0,A,20150922,N
316,883302.TI,上证180成份股,180.0,A,20150922,N
317,883303.TI,上证380成份股,380.0,A,20150922,N
318,883304.TI,中证500成份股,500.0,A,20150916,N
319,885284.TI,稀缺资源,40.0,A,20070808,N
320,885311.TI,智能电网,135.0,A,20070808,N
321,885312.TI,物联网,238.0,A,20090925,N
322,885333.TI,移动支付,64.0,A,20100329,N
323,885338.TI,融资融券,2242.0,A,20100517,N
324,885343.TI,稀土永磁,51.0,A,20100729,N
325,885345.TI,新疆振兴,42.0,A,20100927,N
326,885355.TI,石墨烯,67.0,A,20110411,N
327,885362.TI,云计算,170.0,A,20110701,N
328,885372.TI,页岩气,35.0,A,20120903,N
329,885376.TI,苹果概念,106.0,A,20120903,N
330,885378.TI,智慧城市,183.0,A,20120913,N
331,885398.TI,煤化工,72.0,A,20130422,N
332,885402.TI,智能医疗,46.0,A,20130422,N
333,885403.TI,生物医药,159.0,A,20130422,N
334,885406.TI,食品安全,36.0,A,20130507,N
335,885410.TI,固废处理,97.0,A,20130508,N
336,885412.TI,污水处理,149.0,A,20130508,N
337,885413.TI,创投,270.0,A,20130508,N
338,885418.TI,文化传媒,182.0,A,20130508,N
339,885420.TI,电子商务,245.0,A,20130509,N
340,885423.TI,安防,79.0,A,20130509,N
341,885425.TI,特高压,72.0,A,20130509,N
342,885426.TI,海工装备,34.0,A,20130509,N
343,885427.TI,高端装备,181.0,A,20130509,N
344,885428.TI,特钢概念,21.0,A,20130509,N
345,885430.TI,天然气,109.0,A,20130509,N
346,885431.TI,新能源汽车,485.0,A,20130509,N
347,885433.TI,节能照明,76.0,A,20130509,N
348,885439.TI,土地流转,39.0,A,20130513,N
349,885452.TI,大数据,214.0,A,20130520,N
350,885454.TI,智能穿戴,72.0,A,20130606,N
351,885456.TI,互联网金融,127.0,A,20130627,N
352,885457.TI,手机游戏,63.0,A,20130701,N
353,885459.TI,网络安全,99.0,A,20130702,N
354,885461.TI,充电桩,131.0,A,20130722,N
355,885462.TI,乳业,30.0,A,20130725,N
356,885467.TI,特斯拉,190.0,A,20130807,N
357,885472.TI,上海自贸区,43.0,A,20130813,N
358,885478.TI,智能家居,103.0,A,20130902,N
359,885480.TI,在线教育,92.0,A,20130902,N
360,885487.TI,天津自贸区,12.0,A,20131010,N
361,885490.TI,民营医院,60.0,A,20131021,N
362,885493.TI,上海国资改革,70.0,A,20131025,N
363,885494.TI,一带一路,268.0,A,20131025,N
364,885497.TI,在线旅游,14.0,A,20131105,N
365,885500.TI,通用航空,32.0,A,20131121,N
366,885502.TI,冷链物流,82.0,A,20131205,N
367,885505.TI,生态农业,35.0,A,20131210,N
368,885508.TI,禽流感,31.0,A,20131224,N
369,885514.TI,京津冀一体化,55.0,A,20140404,N
370,885517.TI,机器人概念,187.0,A,20140410,N
371,885520.TI,沪股通,591.0,A,20140414,N
372,885521.TI,粤港澳大湾区,99.0,A,20140414,N
373,885522.TI,养老概念,78.0,A,20140415,N
374,885525.TI,白酒概念,39.0,A,20140415,N
375,885530.TI,黄金概念,55.0,A,20140421,N
376,885531.TI,光伏概念,271.0,A,20140421,N
377,885537.TI,3D打印,55.0,A,20140425,N
378,885539.TI,医疗器械概念,212.0,A,20140428,N
379,885540.TI,三胎概念,78.0,A,20140428,N
380,885543.TI,家用电器,59.0,A,20140505,N
381,885544.TI,新材料概念,262.0,A,20140506,N
382,885545.TI,汽车电子,143.0,A,20140507,N
383,885551.TI,氟化工概念,21.0,A,20140513,N
384,885552.TI,小金属概念,128.0,A,20140513,N
385,885555.TI,PM2.5,34.0,A,20140513,N
386,885556.TI,5G,278.0,A,20140513,N
387,885560.TI,金改,49.0,A,20140515,N
388,885562.TI,高铁,69.0,A,20140515,N
389,885563.TI,节能环保,217.0,A,20140515,N
390,885564.TI,无人机,98.0,A,20140516,N
391,885566.TI,大飞机,62.0,A,20140519,N
392,885568.TI,国产软件,166.0,A,20140521,N
393,885570.TI,期货概念,70.0,A,20140521,N
394,885571.TI,核电,125.0,A,20140521,N
395,885572.TI,水利,49.0,A,20140522,N
396,885573.TI,猪肉,31.0,A,20140522,N
397,885574.TI,卫星导航,74.0,A,20140523,N
398,885578.TI,基因测序,45.0,A,20140527,N
399,885580.TI,足球概念,23.0,A,20140606,N
400,885586.TI,职业教育,61.0,A,20140630,N
401,885587.TI,举牌,40.0,A,20140704,N
402,885591.TI,中韩自贸区,11.0,A,20140714,N
403,885595.TI,央企国资改革,419.0,A,20140717,N
404,885598.TI,新股与次新股,525.0,A,20140731,N
405,885603.TI,网络游戏,64.0,A,20140821,N
406,885611.TI,阿里巴巴概念,96.0,A,20140930,N
407,885615.TI,体育产业,64.0,A,20141024,N
408,885617.TI,福建自贸区,15.0,A,20141031,N
409,885619.TI,工业4.0,191.0,A,20141126,N
410,885620.TI,参股券商,123.0,A,20141202,N
411,885623.TI,参股保险,85.0,A,20141204,N
412,885629.TI,农村电商,37.0,A,20141224,N
413,885633.TI,染料,14.0,A,20150123,N
414,885640.TI,草甘膦,12.0,A,20150511,N
415,885641.TI,风电,154.0,A,20150511,N
416,885642.TI,跨境电商,82.0,A,20150511,N
417,885647.TI,互联网彩票,16.0,A,20150511,N
418,885650.TI,碳纤维,22.0,A,20150511,N
419,885652.TI,钛白粉概念,12.0,A,20150511,N
420,885657.TI,供应链金融,50.0,A,20150812,N
421,885661.TI,医药电商,34.0,A,20150812,N
422,885662.TI,车联网,85.0,A,20150812,N
423,885663.TI,证金持股,42.0,A,20150812,N
424,885675.TI,集成电路概念,157.0,A,20150812,N
425,885690.TI,PPP概念,168.0,A,20150828,N
426,885692.TI,地下管网,37.0,A,20150828,N
427,885694.TI,深股通,894.0,A,20150911,N
428,885697.TI,深圳国资改革,29.0,A,20150911,N
429,885699.TI,ST板块,180.0,A,20150915,N
430,885700.TI,军工,432.0,A,20150915,N
431,885701.TI,杭州亚运会,21.0,A,20150916,N
432,885703.TI,健康中国,94.0,A,20151028,N
433,885705.TI,乡村振兴,131.0,A,20151104,N
434,885706.TI,农机,28.0,A,20151104,N
435,885709.TI,虚拟现实,164.0,A,20151112,N
436,885710.TI,锂电池,248.0,A,20151113,N
437,885728.TI,人工智能,178.0,A,20151202,N
438,885729.TI,参股新三板,164.0,A,20151229,N
439,885730.TI,量子科技,37.0,A,20160229,N
440,885733.TI,航运概念,25.0,A,20160310,N
441,885734.TI,广东自贸区,12.0,A,20160310,N
442,885736.TI,无人驾驶,88.0,A,20160318,N
443,885737.TI,电子竞技,31.0,A,20160401,N
444,885738.TI,OLED,116.0,A,20160505,N
445,885739.TI,股权转让,121.0,A,20161012,N
446,885740.TI,债转股,44.0,A,20161014,N
447,885741.TI,中字头股票,61.0,A,20161205,N
448,885742.TI,摘帽,90.0,A,20170302,N
449,885743.TI,军民融合,127.0,A,20170324,N
450,885744.TI,雄安新区,176.0,A,20170405,N
451,885745.TI,MSCI概念,571.0,A,20170622,N
452,885747.TI,共享单车,12.0,A,20170623,N
453,885748.TI,可燃冰,13.0,A,20170623,N
454,885749.TI,蚂蚁金服概念,54.0,A,20170623,N
455,885750.TI,特色小镇,31.0,A,20170623,N
456,885753.TI,网约车,14.0,A,20170623,N
457,885754.TI,微信小程序,4.0,A,20170623,N
458,885756.TI,芯片概念,302.0,A,20170718,N
459,885757.TI,区块链,233.0,A,20170803,N
460,885758.TI,租售同权,20.0,A,20170803,N
461,885759.TI,人脸识别,41.0,A,20170825,N
462,885760.TI,装配式建筑,58.0,A,20170918,N
463,885761.TI,超级品牌,28.0,A,20171031,N
464,885764.TI,自由贸易港,23.0,A,20171114,N
465,885765.TI,互联网医疗,83.0,A,20171117,N
466,885766.TI,智能交通,64.0,A,20171117,N
467,885767.TI,互联网保险,22.0,A,20171117,N
468,885768.TI,无人零售,17.0,A,20171117,N
469,885769.TI,细胞免疫治疗,27.0,A,20171117,N
470,885770.TI,智能物流,52.0,A,20171117,N
471,885771.TI,智能音箱,20.0,A,20171117,N
472,885772.TI,语音技术,9.0,A,20171120,N
473,885774.TI,无线充电,32.0,A,20171127,N
474,885775.TI,燃料电池,152.0,A,20171128,N
475,885779.TI,腾讯概念,104.0,A,20171218,N
476,885780.TI,啤酒概念,11.0,A,20180108,N
477,885781.TI,石墨电极,12.0,A,20180108,N
478,885782.TI,水泥概念,35.0,A,20180109,N
479,885783.TI,工业互联网,135.0,A,20180226,N
480,885784.TI,新零售,141.0,A,20180228,N
481,885785.TI,小米概念,114.0,A,20180306,N
482,885786.TI,富士康概念,50.0,A,20180306,N
483,885787.TI,独角兽概念,107.0,A,20180306,N
484,885788.TI,网络直播,71.0,A,20180312,N
485,885789.TI,宁德时代概念,134.0,A,20180314,N
486,885790.TI,边缘计算,87.0,A,20180402,N
487,885791.TI,知识产权保护,44.0,A,20180411,N
488,885792.TI,赛马概念,10.0,A,20180416,N
489,885795.TI,国产航母,36.0,A,20180514,N
490,885796.TI,送转填权,13.0,A,20180522,N
491,885797.TI,百度概念,47.0,A,20180612,N
492,885798.TI,燃料乙醇,5.0,A,20180612,N
493,885800.TI,消费电子概念,116.0,A,20180830,N
494,885802.TI,壳资源,81.0,A,20181024,N
495,885805.TI,芬太尼,6.0,A,20181204,N
496,885806.TI,华为概念,520.0,A,20181207,N
497,885808.TI,养鸡,17.0,A,20190212,N
498,885809.TI,柔性屏,68.0,A,20190219,N
499,885810.TI,大豆,4.0,A,20190220,N
500,885811.TI,玉米,16.0,A,20190220,N
501,885812.TI,农业种植,35.0,A,20190221,N
502,885814.TI,信托概念,26.0,A,20190228,N
503,885816.TI,超清视频,88.0,A,20190305,N
504,885818.TI,工业大麻,51.0,A,20190307,N
505,885819.TI,电力物联网,52.0,A,20190313,N
506,885820.TI,数字孪生,35.0,A,20190313,N
507,885823.TI,氢能源,127.0,A,20190319,N
508,885825.TI,冰雪产业,16.0,A,20190401,N
509,885827.TI,横琴新区,43.0,A,20190402,N
510,885829.TI,丙烯酸,6.0,A,20190409,N
511,885831.TI,超级真菌,21.0,A,20190411,N
512,885832.TI,长三角一体化,84.0,A,20190411,N
513,885834.TI,华为汽车,42.0,A,20210419,N
514,885835.TI,参股银行,130.0,A,20190416,N
515,885838.TI,眼科医疗,30.0,A,20190426,N
516,885839.TI,人造肉,16.0,A,20190508,N
517,885840.TI,人民币贬值受益,140.0,A,20190513,N
518,885841.TI,草地贪夜蛾防治,18.0,A,20190517,N
519,885842.TI,数字乡村,25.0,A,20190517,N
520,885843.TI,华为海思概念股,19.0,A,20190521,N
521,885844.TI,国产操作系统,52.0,A,20190522,N
522,885845.TI,生物疫苗,52.0,A,20190527,N
523,885846.TI,动物疫苗,16.0,A,20190527,N
524,885849.TI,黑龙江自贸区,38.0,A,20190605,N
525,885851.TI,烟草,25.0,A,20190617,N
526,885852.TI,青蒿素,10.0,A,20190618,N
527,885854.TI,垃圾分类,90.0,A,20190621,N
528,885855.TI,创业板重组松绑,177.0,A,20190621,N
529,885856.TI,仿制药一致性评价,70.0,A,20190625,N
530,885860.TI,中船系,9.0,A,20190703,N
531,885861.TI,ETC,37.0,A,20190708,N
532,885863.TI,磷化工,36.0,A,20190715,N
533,885864.TI,光刻胶,40.0,A,20190718,N
534,885865.TI,钴,27.0,A,20190808,N
535,885866.TI,数字货币,46.0,A,20190918,N
536,885867.TI,标普道琼斯A股,1092.0,A,20190923,N
537,885868.TI,无线耳机,81.0,A,20191105,N
538,885869.TI,年报预增,448.0,A,20191115,N
539,885871.TI,胎压监测,25.0,A,20191205,N
540,885873.TI,分拆上市意愿,67.0,A,20191216,N
541,885874.TI,云游戏,21.0,A,20191216,N
542,885875.TI,MiniLED,58.0,A,20191217,N
543,885876.TI,网红经济,75.0,A,20191227,N
544,885877.TI,转基因,11.0,A,20200106,N
545,885878.TI,HJT电池,29.0,A,20200120,N
546,885879.TI,流感,59.0,A,20200121,N
547,885880.TI,口罩,157.0,A,20200121,N
548,885881.TI,云办公,29.0,A,20200203,N
549,885882.TI,消毒剂,45.0,A,20200206,N
550,885883.TI,医疗废物处理,29.0,A,20200207,N
551,885884.TI,航空发动机,37.0,A,20200219,N
552,885886.TI,超级电容,28.0,A,20200224,N
553,885887.TI,数据中心,112.0,A,20200306,N
554,885888.TI,C2M概念,36.0,A,20200330,N
555,885889.TI,富媒体,29.0,A,20200408,N
556,885890.TI,今日头条概念,62.0,A,20200424,N
557,885891.TI,新三板精选层概念,19.0,A,20200428,N
558,885893.TI,国家大基金持股,30.0,A,20200520,N
559,885894.TI,海南自贸区,34.0,A,20200603,N
560,885895.TI,室外经济,24.0,A,20200603,N
561,885897.TI,中芯国际概念,48.0,A,20200703,N
562,885898.TI,免税店,35.0,A,20200706,N
563,885899.TI,新型烟草,37.0,A,20200708,N
564,885900.TI,NMN概念,18.0,A,20200716,N
565,885901.TI,可降解塑料,59.0,A,20200805,N
566,885902.TI,汽车拆解概念,13.0,A,20200805,N
567,885903.TI,环氧丙烷,11.0,A,20200813,N
568,885904.TI,代糖概念,16.0,A,20200814,N
569,885905.TI,注册制次新股,199.0,A,20200825,N
570,885906.TI,核准制次新股,120.0,A,20200824,N
571,885907.TI,科创次新股,163.0,A,20200824,N
572,885908.TI,第三代半导体,59.0,A,20200907,N
573,885909.TI,辅助生殖,35.0,A,20201023,N
574,885910.TI,拼多多概念,11.0,A,20201026,N
575,885911.TI,社区团购,13.0,A,20201110,N
576,885912.TI,有机硅概念,22.0,A,20201113,N
577,885913.TI,医美概念,53.0,A,20201116,N
578,885914.TI,煤炭概念,51.0,A,20201221,N
579,885915.TI,物业管理,25.0,A,20210108,N
580,885916.TI,同花顺漂亮100,100.0,A,20210120,N
581,885917.TI,新冠检测,64.0,A,20210122,N
582,885918.TI,快手概念,27.0,A,20210126,N
583,885919.TI,碳中和,117.0,A,20210302,N
584,885920.TI,光伏建筑一体化,57.0,A,20210309,N
585,885921.TI,储能,149.0,A,20210423,N
586,885922.TI,盐湖提锂,24.0,A,20210602,N
587,885923.TI,鸿蒙概念,13.0,A,20210603,N
588,885924.TI,共同富裕示范区,39.0,A,20210615,N
589,885925.TI,MCU芯片,30.0,A,20210621,N
590,885926.TI,牙科医疗,15.0,A,20210622,N
591,885927.TI,CRO概念,24.0,A,20210707,N
592,885928.TI,钠离子电池,15.0,A,20210715,N
593,885929.TI,专精特新,340.0,A,20210818,N
594,885930.TI,工业母机,42.0,A,20210824,N
595,885931.TI,PVDF概念,7.0,A,20210903,N
596,885932.TI,北交所概念,17.0,A,20210903,N
597,885933.TI,NFT概念,19.0,A,20210908,N
598,885934.TI,元宇宙,93.0,A,20210909,N
599,885935.TI,抽水蓄能,23.0,A,20210909,N
600,885936.TI,绿色电力,82.0,A,20210923,N
601,885937.TI,培育钻石,9.0,A,20211018,N
602,885938.TI,换电概念,24.0,A,20211019,N
603,885939.TI,海峡两岸,24.0,A,20211103,N
604,885940.TI,WiFi 6,19.0,A,20211104,N
605,885941.TI,智能制造,38.0,A,20211105,N
606,885942.TI,数据安全,12.0,A,20211129,N
607,885943.TI,EDR概念,15.0,A,20211206,N
608,885944.TI,动力电池回收,26.0,A,20211209,N
609,885945.TI,汽车芯片,25.0,A,20211209,N
610,885946.TI,传感器,48.0,A,20211210,N
611,885947.TI,DRG/DIP,12.0,A,20211215,N
612,885948.TI,柔性直流输电,38.0,A,20211216,N
613,885949.TI,冬奥会,86.0,A,20211216,N
614,885950.TI,虚拟数字人,28.0,A,20211222,N
615,885951.TI,预制菜,18.0,A,20220105,N
616,885952.TI,幽门螺杆菌概念,14.0,A,20220106,N
617,861002.TI,石油与天然气,190.0,US,20181127,S
618,861003.TI,化学制品,102.0,US,20181127,S
619,861004.TI,建筑材料Ⅲ,19.0,US,20181127,S
620,861005.TI,容器与包装,20.0,US,20181127,S
621,861006.TI,金属与采矿,148.0,US,20181127,S
622,861007.TI,林业与纸制品,21.0,US,20181127,S
623,861008.TI,航空航天与国防Ⅲ,45.0,US,20181127,S
624,861009.TI,建筑产品Ⅲ,31.0,US,20181127,S
625,861010.TI,建筑与工程Ⅲ,23.0,US,20181127,S
626,861011.TI,电气设备,39.0,US,20181127,S
627,861012.TI,工业集团企业Ⅲ,13.0,US,20181127,S
628,861013.TI,机械制造,105.0,US,20181127,S
629,861014.TI,贸易与经销Ⅲ,20.0,US,20181127,S
630,861015.TI,商业服务与用品,115.0,US,20181127,S
631,861016.TI,专业服务,56.0,US,20181127,S
632,861017.TI,航空货运与物流Ⅲ,17.0,US,20181127,S
633,861018.TI,航空公司Ⅲ,22.0,US,20181127,S
634,861019.TI,海运Ⅲ,53.0,US,20181127,S
635,861020.TI,公路与铁路运输,34.0,US,20181127,S
636,861021.TI,交通基本设施,5.0,US,20181127,S
637,861022.TI,汽车零配件,48.0,US,20181127,S
638,861023.TI,汽车,39.0,US,20181127,S
639,861024.TI,耐用消费品,71.0,US,20181127,S
640,861025.TI,休闲用品Ⅲ,19.0,US,20181127,S
641,861026.TI,纺织服装与奢侈品,49.0,US,20181127,S
642,861027.TI,酒店餐馆与休闲,125.0,US,20181127,S
643,861028.TI,综合消费者服务,82.0,US,20181127,S
644,861029.TI,经销商Ⅲ,8.0,US,20181127,S
645,861030.TI,互联网与直销零售Ⅲ,59.0,US,20181127,S
646,861031.TI,多元化零售,21.0,US,20181127,S
647,861032.TI,专营零售,108.0,US,20181127,S
648,861033.TI,食品与日用品零售Ⅲ,43.0,US,20181127,S
649,861034.TI,饮料,38.0,US,20181127,S
650,861035.TI,食品,72.0,US,20181127,S
651,861036.TI,烟草Ⅲ,7.0,US,20181127,S
652,861037.TI,居家用品Ⅲ,6.0,US,20181127,S
653,861038.TI,个人用品Ⅲ,17.0,US,20181127,S
654,861039.TI,医疗保健设备与用品,197.0,US,20181127,S
655,861040.TI,医疗保健服务,103.0,US,20181127,S
656,861041.TI,医疗保健技术Ⅲ,38.0,US,20181127,S
657,861042.TI,生物科技Ⅲ,297.0,US,20181127,S
658,861043.TI,制药Ⅲ,525.0,US,20181127,S
659,861044.TI,生命科学工具Ⅲ,113.0,US,20181127,S
660,861045.TI,银行Ⅲ,316.0,US,20181127,S
661,861046.TI,互助储蓄银行Ⅲ,84.0,US,20181127,S
662,861047.TI,综合金融服务,54.0,US,20181127,S
663,861048.TI,消费信贷Ⅲ,44.0,US,20181127,S
664,861049.TI,资本市场,834.0,US,20181127,S
665,861050.TI,抵押型REITs,38.0,US,20181127,S
666,861051.TI,保险Ⅲ,123.0,US,20181127,S
667,861052.TI,信息技术服务,268.0,US,20181127,S
668,861053.TI,软件,298.0,US,20181127,S
669,861054.TI,通信设备Ⅲ,54.0,US,20181127,S
670,861055.TI,电脑硬件储存设备及电脑周边Ⅲ,26.0,US,20181127,S
671,861056.TI,电子设备与仪器,129.0,US,20181127,S
672,861057.TI,半导体产品与设备Ⅲ,97.0,US,20181127,S
673,861058.TI,综合电信业务Ⅲ,40.0,US,20181127,S
674,861059.TI,无线电信业务Ⅲ,26.0,US,20181127,S
675,861060.TI,媒体,96.0,US,20181127,S
676,861061.TI,娱乐,61.0,US,20181127,S
677,861062.TI,互动媒体与服务Ⅲ,42.0,US,20181127,S
678,861063.TI,电力Ⅲ,44.0,US,20181127,S
679,861064.TI,燃气Ⅲ,15.0,US,20181127,S
680,861065.TI,复合型公用事业Ⅲ,10.0,US,20181127,S
681,861066.TI,水务Ⅲ,14.0,US,20181127,S
682,861067.TI,独立电力生产商Ⅲ,29.0,US,20181127,S
683,861068.TI,权益型REITs,181.0,US,20181127,S
684,861069.TI,房地产管理和开发,54.0,US,20181127,S
685,861070.TI,能源Ⅰ,245.0,US,,S
686,861071.TI,原材料Ⅰ,310.0,US,,S
687,861072.TI,工业,578.0,US,,S
688,861073.TI,非日常生活消费品,629.0,US,,S
689,861074.TI,日常消费品,183.0,US,,S
690,861075.TI,医疗保健,1273.0,US,,S
691,861076.TI,金融,1493.0,US,,S
692,861077.TI,信息技术,872.0,US,,S
693,861078.TI,通讯业务,265.0,US,,S
694,861079.TI,公用事业Ⅰ,112.0,US,,S
695,861080.TI,房地产Ⅰ,235.0,US,,S
696,861081.TI,能源Ⅱ,245.0,US,,S
697,861082.TI,原材料Ⅱ,310.0,US,,S
698,861083.TI,资本品,276.0,US,,S
699,861084.TI,商业和专业服务,171.0,US,,S
700,861085.TI,运输,131.0,US,,S
701,861086.TI,汽车与汽车零部件,87.0,US,,S
702,861087.TI,耐用消费品与服装,139.0,US,,S
703,861088.TI,消费者服务,207.0,US,,S
704,861089.TI,零售业,196.0,US,,S
705,861090.TI,食品与日用品零售Ⅱ,43.0,US,,S
706,861091.TI,食品饮料与烟草,117.0,US,,S
707,861092.TI,家庭与个人用品,23.0,US,,S
708,861093.TI,医疗保健设备与服务,338.0,US,,S
709,861094.TI,制药生物科技和生命科学,935.0,US,,S
710,861095.TI,银行Ⅱ,400.0,US,,S
711,861096.TI,综合金融,970.0,US,,S
712,861097.TI,保险Ⅱ,123.0,US,,S
713,861098.TI,软件与服务,565.0,US,,S
714,861099.TI,技术硬件与设备,209.0,US,,S
715,861100.TI,半导体产品与设备Ⅱ,97.0,US,,S
716,861101.TI,电信业务,66.0,US,,S
717,861102.TI,媒体与娱乐,199.0,US,,S
718,861103.TI,公用事业Ⅱ,112.0,US,,S
719,861104.TI,房地产Ⅱ,235.0,US,,S
720,861105.TI,石油与天然气钻井,15.0,US,,S
721,861106.TI,石油天然气设备与服务,40.0,US,,S
722,861107.TI,综合性石油与天然气企业,33.0,US,,S
723,861108.TI,石油与天然气的勘探与生产,69.0,US,,S
724,861109.TI,石油与天然气的炼制和营销,33.0,US,,S
725,861110.TI,石油与天然气的储存和运输,36.0,US,,S
726,861111.TI,煤与消费用燃料,19.0,US,,S
727,861112.TI,商品化工,34.0,US,,S
728,861113.TI,多种化学制品,10.0,US,,S
729,861114.TI,化肥与农用药剂,17.0,US,,S
730,861115.TI,工业气体,4.0,US,,S
731,861116.TI,特种化学制品,37.0,US,,S
732,861117.TI,建筑材料Ⅳ,19.0,US,,S
733,861118.TI,金属与玻璃容器,12.0,US,,S
734,861119.TI,纸材料包装,8.0,US,,S
735,861120.TI,铝,5.0,US,,S
736,861121.TI,多种金属与采矿,48.0,US,,S
737,861122.TI,铜,2.0,US,,S
738,861123.TI,黄金,34.0,US,,S
739,861124.TI,贵重金属与矿石,32.0,US,,S
740,861125.TI,白银,,US,,S
741,861126.TI,钢铁,27.0,US,,S
742,861127.TI,林业产品,11.0,US,,S
743,861128.TI,纸制品,10.0,US,,S
744,861129.TI,航空航天与国防Ⅳ,45.0,US,,S
745,861130.TI,建筑产品Ⅳ,31.0,US,,S
746,861131.TI,建筑与工程Ⅳ,23.0,US,,S
747,861132.TI,电气部件与设备,26.0,US,,S
748,861133.TI,重型电气设备,13.0,US,,S
749,861134.TI,工业集团企业Ⅳ,13.0,US,,S
750,861135.TI,建筑机械与重型卡车,19.0,US,,S
751,861136.TI,农用农业机械,4.0,US,,S
752,861137.TI,工业机械,82.0,US,,S
753,861138.TI,贸易与经销Ⅳ,20.0,US,,S
754,861139.TI,商业印刷,10.0,US,,S
755,861140.TI,环境与设施服务,35.0,US,,S
756,861141.TI,办公服务与用品,10.0,US,,S
757,861142.TI,综合支持服务,48.0,US,,S
758,861143.TI,安全和报警服务,12.0,US,,S
759,861144.TI,人力资源与就业服务,19.0,US,,S
760,861145.TI,调查和咨询服务,37.0,US,,S
761,861146.TI,航空货运与物流Ⅳ,17.0,US,,S
762,861147.TI,航空公司Ⅳ,22.0,US,,S
763,861148.TI,海运Ⅳ,53.0,US,,S
764,861149.TI,铁路,10.0,US,,S
765,861150.TI,陆运,24.0,US,,S
766,861151.TI,机场服务,4.0,US,,S
767,861152.TI,公路与铁路,,US,,S
768,861153.TI,海港与服务,1.0,US,,S
769,861154.TI,机动车零配件与设备,45.0,US,,S
770,861155.TI,轮胎与橡胶,3.0,US,,S
771,861156.TI,汽车制造商,34.0,US,,S
772,861157.TI,摩托车制造商,5.0,US,,S
773,861158.TI,消费电子产品,14.0,US,,S
774,861159.TI,家庭装饰品,11.0,US,,S
775,861160.TI,住宅建筑,22.0,US,,S
776,861161.TI,家用电器,11.0,US,,S
777,861162.TI,家用器具与特殊消费品,13.0,US,,S
778,861163.TI,休闲用品Ⅳ,19.0,US,,S
779,861164.TI,服装服饰与奢侈品,34.0,US,,S
780,861165.TI,鞋类,11.0,US,,S
781,861166.TI,纺织品,4.0,US,,S
782,861167.TI,赌场与赌博,25.0,US,,S
783,861168.TI,酒店度假村与豪华游轮,32.0,US,,S
784,861169.TI,休闲设施,16.0,US,,S
785,861170.TI,餐馆,52.0,US,,S
786,861171.TI,教育服务,54.0,US,,S
787,861172.TI,特殊消费者服务,28.0,US,,S
788,861173.TI,经销商Ⅳ,8.0,US,,S
789,861174.TI,互联网与直销零售Ⅳ,59.0,US,,S
790,861175.TI,百货商店,13.0,US,,S
791,861176.TI,综合货品商店,8.0,US,,S
792,861177.TI,服装零售,30.0,US,,S
793,861178.TI,电脑与电子产品零售,5.0,US,,S
794,861179.TI,家庭装潢零售,3.0,US,,S
795,861180.TI,专卖店,20.0,US,,S
796,861181.TI,汽车零售,32.0,US,,S
797,861182.TI,家庭装饰零售,18.0,US,,S
798,861183.TI,药品零售,8.0,US,,S
799,861184.TI,食品分销商,17.0,US,,S
800,861185.TI,食品零售,15.0,US,,S
801,861186.TI,大卖场与超市,3.0,US,,S
802,861187.TI,啤酒酿造商,6.0,US,,S
803,861188.TI,酿酒商与葡萄酒商,13.0,US,,S
804,861189.TI,软饮料,19.0,US,,S
805,861190.TI,农产品,27.0,US,,S
806,861191.TI,包装食品与肉类,45.0,US,,S
807,861192.TI,烟草Ⅳ,7.0,US,,S
808,861193.TI,居家用品Ⅳ,6.0,US,,S
809,861194.TI,个人用品Ⅳ,17.0,US,,S
810,861195.TI,医疗保健设备,161.0,US,,S
811,861196.TI,医疗保健用品,36.0,US,,S
812,861197.TI,保健护理产品经销商,12.0,US,,S
813,861198.TI,保健护理服务,58.0,US,,S
814,861199.TI,保健护理机构,25.0,US,,S
815,861200.TI,管理型保健护理,8.0,US,,S
816,861201.TI,医疗保健技术Ⅳ,38.0,US,,S
817,861202.TI,生物科技Ⅳ,298.0,US,,S
818,861203.TI,制药Ⅳ,524.0,US,,S
819,861204.TI,生命科学工具Ⅳ,113.0,US,,S
820,861205.TI,综合性银行,84.0,US,,S
821,861206.TI,区域性银行,232.0,US,,S
822,861207.TI,互助储蓄银行Ⅳ,84.0,US,,S
823,861208.TI,其它综合性金融服务,39.0,US,,S
824,861209.TI,多领域控股,1.0,US,,S
825,861210.TI,特殊金融服务,14.0,US,,S
826,861211.TI,消费信贷Ⅳ,44.0,US,,S
827,861212.TI,资产管理与托管银行,146.0,US,,S
828,861213.TI,投资银行业与经纪业,663.0,US,,S
829,861214.TI,综合性资本市场,15.0,US,,S
830,861215.TI,金融交易所和数据,10.0,US,,S
831,861216.TI,抵押房地产投资信托,38.0,US,,S
832,861217.TI,保险经纪商,26.0,US,,S
833,861218.TI,人寿与健康保险,23.0,US,,S
834,861219.TI,多元化保险,16.0,US,,S
835,861220.TI,财产与意外伤害保险,49.0,US,,S
836,861221.TI,再保险,9.0,US,,S
837,861222.TI,信息科技咨询与其它服务,101.0,US,,S
838,861223.TI,数据处理与外包服务,59.0,US,,S
839,861224.TI,互联网服务和基础设施,109.0,US,,S
840,861225.TI,应用软件,266.0,US,,S
841,861226.TI,系统软件,32.0,US,,S
842,861227.TI,通信设备Ⅳ,54.0,US,,S
843,861228.TI,电脑硬件储存设备及电脑周边Ⅳ,26.0,US,,S
844,861229.TI,电子设备和仪器,51.0,US,,S
845,861230.TI,电子元件,44.0,US,,S
846,861231.TI,电子制造服务,21.0,US,,S
847,861232.TI,技术产品经销商,13.0,US,,S
848,861233.TI,半导体设备,26.0,US,,S
849,861234.TI,半导体产品,71.0,US,,S
850,861235.TI,非传统电信运营商,8.0,US,,S
851,861236.TI,综合电信业务Ⅳ,32.0,US,,S
852,861237.TI,无线电信业务Ⅳ,26.0,US,,S
853,861238.TI,广告,38.0,US,,S
854,861239.TI,广播,19.0,US,,S
855,861240.TI,有线和卫星电视,25.0,US,,S
856,861241.TI,出版,14.0,US,,S
857,861242.TI,电影和娱乐,44.0,US,,S
858,861243.TI,互动家庭娱乐,17.0,US,,S
859,861244.TI,互动媒体与服务Ⅳ,42.0,US,,S
860,861245.TI,电力Ⅳ,44.0,US,,S
861,861246.TI,燃气Ⅳ,15.0,US,,S
862,861247.TI,复合型公用事业Ⅳ,10.0,US,,S
863,861248.TI,水务Ⅳ,14.0,US,,S
864,861249.TI,独立电力生产商Ⅳ,15.0,US,,S
865,861250.TI,新能源发电业者,14.0,US,,S
866,861251.TI,多样化房地产投资信托,45.0,US,,S
867,861252.TI,工业房地产投资信托,13.0,US,,S
868,861253.TI,酒店及度假村房地产投资信托,5.0,US,,S
869,861254.TI,办公房地产投资信托,21.0,US,,S
870,861255.TI,医疗保健房地产投资信托,4.0,US,,S
871,861256.TI,住宅房地产投资信托,26.0,US,,S
872,861257.TI,零售业房地产投资信托,28.0,US,,S
873,861258.TI,特种房地产投资信托,39.0,US,,S
874,861259.TI,多样化房地产活动,9.0,US,,S
875,861260.TI,房地产经营公司,17.0,US,,S
876,861261.TI,房地产开发,12.0,US,,S
877,861262.TI,房地产服务,16.0,US,,S
878,871001.TI,能源设备与服务,14.0,HK,20181127,S
879,871002.TI,石油与天然气,57.0,HK,20181127,S
880,871003.TI,化学制品,50.0,HK,20181127,S
881,871004.TI,建筑材料,22.0,HK,20181127,S
882,871005.TI,容器与包装,23.0,HK,20181127,S
883,871006.TI,金属与采矿,71.0,HK,20181127,S
884,871007.TI,林业与纸制品,17.0,HK,20181127,S
885,871008.TI,航空航天与国防,2.0,HK,20181127,S
886,871009.TI,建筑产品,9.0,HK,20181127,S
887,871010.TI,建筑与工程,151.0,HK,20181127,S
888,871011.TI,电气设备,28.0,HK,20181127,S
889,871012.TI,工业集团企业,5.0,HK,20181127,S
890,871013.TI,机械制造,57.0,HK,20181127,S
891,871014.TI,贸易与经销,55.0,HK,20181127,S
892,871015.TI,商业服务与用品,80.0,HK,20181127,S
893,871016.TI,专业服务,17.0,HK,20181127,S
894,871017.TI,航空货运与物流,17.0,HK,20181127,S
895,871018.TI,航空公司,4.0,HK,20181127,S
896,871019.TI,海运,14.0,HK,20181127,S
897,871020.TI,公路与铁路,10.0,HK,20181127,S
898,871021.TI,交通基本设施,29.0,HK,20181127,S
899,871022.TI,汽车零配件,25.0,HK,20181127,S
900,871023.TI,汽车,11.0,HK,20181127,S
901,871024.TI,耐用消费品,59.0,HK,20181127,S
902,871025.TI,休闲设备与用品,24.0,HK,20181127,S
903,871026.TI,纺织服装与奢侈品,111.0,HK,20181127,S
904,871027.TI,酒店餐饮与休闲,101.0,HK,20181127,S
905,871028.TI,综合消费者服务,73.0,HK,20181127,S
906,871029.TI,经销商,12.0,HK,20181127,S
907,871030.TI,互联网与直销零售,14.0,HK,20181127,S
908,871031.TI,多元化零售,18.0,HK,20181127,S
909,871032.TI,专营零售,75.0,HK,20181127,S
910,871033.TI,食品与日用品零售,33.0,HK,20181127,S
911,871034.TI,饮料,19.0,HK,20181127,S
912,871035.TI,食品,53.0,HK,20181127,S
913,871037.TI,居家用品,4.0,HK,20181127,S
914,871038.TI,个人用品,8.0,HK,20181127,S
915,871039.TI,医疗保健设备,43.0,HK,20181127,S
916,871040.TI,医疗保健服务,49.0,HK,20181127,S
917,871041.TI,医疗保健技术,12.0,HK,20181127,S
918,871042.TI,生物科技,15.0,HK,20181127,S
919,871043.TI,制药,66.0,HK,20181127,S
920,871044.TI,生命科学工具,11.0,HK,20181127,S
921,871045.TI,商业银行,39.0,HK,20181127,S
922,871046.TI,互助储蓄银行,4.0,HK,20181127,S
923,871047.TI,综合金融服务,68.0,HK,20181127,S
924,871048.TI,消费信贷,40.0,HK,20181127,S
925,871049.TI,资本市场,87.0,HK,20181127,S
926,871051.TI,保险,15.0,HK,20181127,S
927,871052.TI,信息技术服务,43.0,HK,20181127,S
928,871053.TI,软件,35.0,HK,20181127,S
929,871054.TI,通信设备,21.0,HK,20181127,S
930,871055.TI,电脑与外围设备,8.0,HK,20181127,S
931,871056.TI,电子设备与仪器,93.0,HK,20181127,S
932,871057.TI,半导体产品与设备,21.0,HK,20181127,S
933,871058.TI,综合电信业务,13.0,HK,20181127,S
934,871060.TI,媒体,58.0,HK,20181127,S
935,871061.TI,娱乐,52.0,HK,20181127,S
936,871062.TI,互动媒体与服务,34.0,HK,20181127,S
937,871063.TI,电力,13.0,HK,20181127,S
938,871064.TI,燃气,18.0,HK,20181127,S
939,871065.TI,复合型公用事业,2.0,HK,20181127,S
940,871066.TI,水务,9.0,HK,20181127,S
941,871068.TI,权益型REITs,25.0,HK,20181127,S
942,871069.TI,房地产管理和开发,277.0,HK,20181127,S
943,877001.TI,能源业,77.0,HK,20150101,S
944,877002.TI,原材料业,139.0,HK,20150101,S
945,877003.TI,工业,301.0,HK,20150101,S
946,877004.TI,非必需性消费,652.0,HK,20150101,S
947,877005.TI,必需性消费,120.0,HK,20150101,S
948,877006.TI,医疗保健业,195.0,HK,20150101,S
949,877007.TI,电讯业,15.0,HK,20150101,S
950,877008.TI,公用事业,78.0,HK,20150101,S
951,877009.TI,金融业,231.0,HK,20150101,S
952,877010.TI,地产建筑业,511.0,HK,20150101,S
953,877011.TI,资讯科技业,233.0,HK,20150101,S
954,877012.TI,综合企业,22.0,HK,20150101,S
955,877013.TI,石油及天然气,52.0,HK,20150101,S
956,877014.TI,煤炭,25.0,HK,20150101,S
957,877015.TI,黄金及贵金属,14.0,HK,20150101,S
958,877016.TI,一般金属及矿石,69.0,HK,20150101,S
959,877017.TI,原材料,56.0,HK,20150101,S
960,877018.TI,工业工程,183.0,HK,20150101,S
961,877019.TI,工用运输,67.0,HK,20150101,S
962,877020.TI,工用支援,51.0,HK,20150101,S
963,877021.TI,汽车,38.0,HK,20150101,S
964,877022.TI,家庭电器及用品,93.0,HK,20150101,S
965,877023.TI,纺织及服饰,129.0,HK,20150101,S
966,877024.TI,旅游及消闲设施,142.0,HK,20150101,S
967,877025.TI,媒体及娱乐,95.0,HK,20150101,S
968,877026.TI,支援服务,81.0,HK,20150101,S
969,877027.TI,专业零售,74.0,HK,20150101,S
970,877028.TI,食物饮品,76.0,HK,20150101,S
971,877029.TI,农业产品,23.0,HK,20150101,S
972,877030.TI,消费者主要零售商,21.0,HK,20150101,S
973,877031.TI,药品及生物科技,121.0,HK,20150101,S
974,877032.TI,医疗保健设备和服务,74.0,HK,20150101,S
975,877033.TI,电讯,15.0,HK,20150101,S
976,877034.TI,公用事业,78.0,HK,20150101,S
977,877035.TI,银行,40.0,HK,20150101,S
978,877036.TI,保险,17.0,HK,20150101,S
979,877037.TI,其他金融,174.0,HK,20150101,S
980,877038.TI,地产,294.0,HK,20150101,S
981,877039.TI,建筑,217.0,HK,20150101,S
982,877040.TI,资讯科技器材,65.0,HK,20150101,S
983,877041.TI,软件服务,152.0,HK,20150101,S
984,877042.TI,半导体,16.0,HK,20150101,S
985,877043.TI,综合企业,22.0,HK,20150101,S
986,877044.TI,气油生产商,31.0,HK,20150101,S
987,877045.TI,气油设备与服务,21.0,HK,20150101,S
988,877046.TI,煤炭,25.0,HK,20150101,S
989,877047.TI,黄金及贵金属,14.0,HK,20150101,S
990,877048.TI,钢铁,24.0,HK,20150101,S
991,877049.TI,铜,11.0,HK,20150101,S
992,877050.TI,铝,6.0,HK,20150101,S
993,877051.TI,其他金属及矿物,28.0,HK,20150101,S
994,877052.TI,化肥及农用化合物,10.0,HK,20150101,S
995,877053.TI,林业及木材,10.0,HK,20150101,S
996,877054.TI,纸及纸制品,8.0,HK,20150101,S
997,877055.TI,特殊化工用品,28.0,HK,20150101,S
998,877056.TI,商业用车及货车,17.0,HK,20150101,S
999,877057.TI,工业零件及器材,84.0,HK,20150101,S
1000,877058.TI,电子零件,11.0,HK,20150101,S
1001,877059.TI,环保工程,31.0,HK,20150101,S
1002,877060.TI,重机械,18.0,HK,20150101,S
1003,877061.TI,新能源物料,19.0,HK,20150101,S
1004,877062.TI,航空航天与国防,3.0,HK,20150101,S
1005,877063.TI,航运及港口,30.0,HK,20150101,S
1006,877064.TI,铁路及公路,14.0,HK,20150101,S
1007,877065.TI,航空货运及物流,23.0,HK,20150101,S
1008,877066.TI,采购及供应链管理,14.0,HK,20150101,S
1009,877067.TI,印刷及包装,37.0,HK,20150101,S
1010,877068.TI,汽车,13.0,HK,20150101,S
1011,877069.TI,汽车零件,25.0,HK,20150101,S
1012,877070.TI,家庭电器,16.0,HK,20150101,S
1013,877071.TI,消费电子产品,21.0,HK,20150101,S
1014,877072.TI,玩具及消闲用品,22.0,HK,20150101,S
1015,877073.TI,家具,34.0,HK,20150101,S
1016,877074.TI,纺织品及布料,25.0,HK,20150101,S
1017,877075.TI,服装,61.0,HK,20150101,S
1018,877076.TI,鞋类,10.0,HK,20150101,S
1019,877077.TI,珠宝钟表,13.0,HK,20150101,S
1020,877078.TI,其他服饰配件,20.0,HK,20150101,S
1021,877079.TI,公共运输,5.0,HK,20150101,S
1022,877080.TI,航空服务,8.0,HK,20150101,S
1023,877081.TI,赌场及博彩,22.0,HK,20150101,S
1024,877082.TI,酒店及度假村,29.0,HK,20150101,S
1025,877083.TI,旅游及观光,20.0,HK,20150101,S
1026,877084.TI,餐饮,49.0,HK,20150101,S
1027,877085.TI,消闲及文娱设施,9.0,HK,20150101,S
1028,877086.TI,广告及宣传,38.0,HK,20150101,S
1029,877087.TI,广播,8.0,HK,20150101,S
1030,877088.TI,影视娱乐,34.0,HK,20150101,S
1031,877089.TI,出版,15.0,HK,20150101,S
1032,877090.TI,教育,41.0,HK,20150101,S
1033,877091.TI,其他支援服务,40.0,HK,20150101,S
1034,877092.TI,汽车零售商,18.0,HK,20150101,S
1035,877093.TI,服装零售商,10.0,HK,20150101,S
1036,877094.TI,家居装修零售商,7.0,HK,20150101,S
1037,877095.TI,多元化零售商,14.0,HK,20150101,S
1038,877096.TI,其他零售商,25.0,HK,20150101,S
1039,877097.TI,包装食品,27.0,HK,20150101,S
1040,877098.TI,乳制品,10.0,HK,20150101,S
1041,877099.TI,非酒精饮料,14.0,HK,20150101,S
1042,877100.TI,酒精饮料,13.0,HK,20150101,S
1043,877101.TI,烟草,1.0,HK,20150101,S
1044,877102.TI,食品添加剂,11.0,HK,20150101,S
1045,877103.TI,禽畜肉类,7.0,HK,20150101,S
1046,877104.TI,农产品,13.0,HK,20150101,S
1047,877105.TI,禽畜饲料,3.0,HK,20150101,S
1048,877106.TI,超市及便利店,8.0,HK,20150101,S
1049,877107.TI,个人护理,13.0,HK,20150101,S
1050,877108.TI,药品,66.0,HK,20150101,S
1051,877109.TI,生物技术,47.0,HK,20150101,S
1052,877110.TI,中医药,8.0,HK,20150101,S
1053,877111.TI,医疗保健设备,32.0,HK,20150101,S
1054,877112.TI,医疗及医学美容服务,42.0,HK,20150101,S
1055,877113.TI,卫星及无线通讯,4.0,HK,20150101,S
1056,877114.TI,电讯服务,11.0,HK,20150101,S
1057,877115.TI,电力,14.0,HK,20150101,S
1058,877116.TI,燃气供应,22.0,HK,20150101,S
1059,877117.TI,水务,18.0,HK,20150101,S
1060,877118.TI,非传统/可再生能源,24.0,HK,20150101,S
1061,877119.TI,银行,40.0,HK,20150101,S
1062,877120.TI,保险,17.0,HK,20150101,S
1063,877121.TI,证券及经纪,52.0,HK,20150101,S
1064,877122.TI,投资及资产管理,50.0,HK,20150101,S
1065,877123.TI,信贷,52.0,HK,20150101,S
1066,877124.TI,其他金融,20.0,HK,20150101,S
1067,877125.TI,地产代理,7.0,HK,20150101,S
1068,877126.TI,地产发展商,158.0,HK,20150101,S
1069,877127.TI,地产投资,74.0,HK,20150101,S
1070,877128.TI,房地产投资信托,,HK,20150101,S
1071,877129.TI,物业服务及管理,55.0,HK,20150101,S
1072,877130.TI,建筑材料,29.0,HK,20150101,S
1073,877131.TI,楼宇建造,137.0,HK,20150101,S
1074,877132.TI,重型基建,51.0,HK,20150101,S
1075,877133.TI,电讯设备,42.0,HK,20150101,S
1076,877134.TI,电脑及周边器材,23.0,HK,20150101,S
1077,877135.TI,系统开发及资讯科技顾问,64.0,HK,20150101,S
1078,877136.TI,电子商贸及互联网服务,39.0,HK,20150101,S
1079,877137.TI,软件开发,49.0,HK,20150101,S
1080,877138.TI,半导体,16.0,HK,20150101,S
1081,877139.TI,综合企业,22.0,HK,20150101,S
1082,881101.TI,种植业与林业,21.0,A,20070801,S
1083,881102.TI,养殖业,27.0,A,20070801,S
1084,881103.TI,农产品加工,33.0,A,20070801,S
1085,881104.TI,农业服务,16.0,A,20070801,S
1086,881105.TI,煤炭开采加工,34.0,A,20070801,S
1087,881107.TI,油气开采及服务,20.0,A,20070801,S
1088,881108.TI,化学原料,55.0,A,20070801,S
1089,881109.TI,化学制品,189.0,A,20070801,S
1090,881110.TI,化工合成材料,103.0,A,20070801,S
1091,881112.TI,钢铁,44.0,A,20070801,S
1092,881114.TI,金属新材料,23.0,A,20070801,S
1093,881115.TI,建筑材料,78.0,A,20070801,S
1094,881116.TI,建筑装饰,145.0,A,20070801,S
1095,881117.TI,通用设备,141.0,A,20070801,S
1096,881118.TI,专用设备,183.0,A,20070801,S
1097,881119.TI,仪器仪表,40.0,A,20070801,S
1098,881120.TI,电力设备,288.0,A,20070801,S
1099,881121.TI,半导体及元件,136.0,A,20070801,S
1100,881122.TI,光学光电子,96.0,A,20070801,S
1101,881123.TI,其他电子,33.0,A,20070801,S
1102,881124.TI,消费电子,86.0,A,20070801,S
1103,881125.TI,汽车整车,23.0,A,20070801,S
1104,881126.TI,汽车零部件,189.0,A,20070801,S
1105,881127.TI,非汽车交运,43.0,A,20070801,S
1106,881128.TI,汽车服务,15.0,A,20070801,S
1107,881129.TI,通信设备,79.0,A,20070801,S
1108,881130.TI,计算机设备,71.0,A,20070801,S
1109,881131.TI,白色家电,34.0,A,20070801,S
1110,881132.TI,黑色家电,11.0,A,20070801,S
1111,881133.TI,饮料制造,46.0,A,20070801,S
1112,881134.TI,食品加工制造,74.0,A,20070801,S
1113,881135.TI,纺织制造,34.0,A,20070801,S
1114,881136.TI,服装家纺,63.0,A,20070801,S
1115,881137.TI,造纸,22.0,A,20070801,S
1116,881138.TI,包装印刷,42.0,A,20070801,S
1117,881139.TI,家用轻工,92.0,A,20070801,S
1118,881140.TI,化学制药,136.0,A,20070801,S
1119,881141.TI,中药,73.0,A,20070801,S
1120,881142.TI,生物制品,45.0,A,20070801,S
1121,881143.TI,医药商业,29.0,A,20070801,S
1122,881144.TI,医疗器械,105.0,A,20070801,S
1123,881145.TI,电力,93.0,A,20070801,S
1124,881146.TI,燃气,28.0,A,20070801,S
1125,881148.TI,港口航运,31.0,A,20070801,S
1126,881149.TI,公路铁路运输,35.0,A,20070801,S
1127,881151.TI,机场航运,12.0,A,20070801,S
1128,881152.TI,物流,45.0,A,20070801,S
1129,881153.TI,房地产开发,111.0,A,20070801,S
1130,881155.TI,银行,42.0,A,20070801,S
1131,881156.TI,保险及其他,41.0,A,20070801,S
1132,881157.TI,证券,48.0,A,20070801,S
1133,881158.TI,零售,77.0,A,20070801,S
1134,881159.TI,贸易,19.0,A,20070801,S
1135,881160.TI,景点及旅游,22.0,A,20070801,S
1136,881161.TI,酒店及餐饮,11.0,A,20070801,S
1137,881162.TI,通信服务,33.0,A,20070801,S
1138,881163.TI,计算机应用,227.0,A,20070801,S
1139,881164.TI,传媒,139.0,A,20070801,S
1140,881165.TI,综合,32.0,A,20070801,S
1141,881166.TI,国防军工,118.0,A,20150105,S
1142,881167.TI,非金属材料,8.0,A,20210730,S
1143,881168.TI,工业金属,61.0,A,20210730,S
1144,881169.TI,贵金属,10.0,A,20210730,S
1145,881170.TI,小金属,35.0,A,20210730,S
1146,881171.TI,自动化设备,69.0,A,20210730,S
1147,881172.TI,电子化学品,24.0,A,20210730,S
1148,881173.TI,小家电,21.0,A,20210730,S
1149,881174.TI,厨卫电器,9.0,A,20210730,S
1150,881175.TI,医疗服务,44.0,A,20210730,S
1151,881176.TI,房地产服务,8.0,A,20210730,S
1152,881177.TI,互联网电商,15.0,A,20210730,S
1153,881178.TI,教育,21.0,A,20210730,S
1154,881179.TI,其他社会服务,26.0,A,20210730,S
1155,881180.TI,石油加工贸易,24.0,A,20210730,S
1156,881181.TI,环保,124.0,A,20210730,S
1157,881182.TI,美容护理,29.0,A,20210730,S
1158,884001.TI,种子生产,8.0,A,20181030,S
1159,884002.TI,粮食种植,2.0,A,20181030,S
1160,884003.TI,其他种植业,8.0,A,20181030,S
1161,884004.TI,林业,3.0,A,20181030,S
1162,884005.TI,海洋捕捞,2.0,A,20181030,S
1163,884006.TI,水产养殖,6.0,A,20181030,S
1164,884007.TI,畜禽养殖,19.0,A,20181030,S
1165,884008.TI,饲料,14.0,A,20181030,S
1166,884009.TI,果蔬加工,3.0,A,20181030,S
1167,884010.TI,粮油加工,6.0,A,20181030,S
1168,884011.TI,其他农产品加工,10.0,A,20181030,S
1169,884012.TI,农业综合,3.0,A,20181030,S
1170,884013.TI,动物保健,13.0,A,20181030,S
1171,884014.TI,煤炭开采,26.0,A,20181030,S
1172,884015.TI,焦炭加工,8.0,A,20181030,S
1173,884016.TI,油气开采,6.0,A,20181030,S
1174,884018.TI,油服工程,14.0,A,20181030,S
1175,884020.TI,石油加工,19.0,A,20181030,S
1176,884021.TI,油品石化贸易,5.0,A,20181030,S
1177,884022.TI,纯碱,5.0,A,20181030,S
1178,884023.TI,氯碱,17.0,A,20181030,S
1179,884024.TI,无机盐,9.0,A,20181030,S
1180,884025.TI,其他化学原料,19.0,A,20181030,S
1181,884026.TI,氮肥,3.0,A,20181030,S
1182,884027.TI,磷肥及磷化工,8.0,A,20181030,S
1183,884028.TI,农药,29.0,A,20181030,S
1184,884030.TI,涂料油墨,13.0,A,20181030,S
1185,884031.TI,钾肥,5.0,A,20181030,S
1186,884032.TI,民爆用品,13.0,A,20181030,S
1187,884033.TI,纺织化学用品,12.0,A,20181030,S
1188,884034.TI,其他化学制品,55.0,A,20181030,S
1189,884035.TI,复合肥,9.0,A,20181030,S
1190,884036.TI,氟化工,9.0,A,20181030,S
1191,884039.TI,聚氨酯,8.0,A,20181030,S
1192,884041.TI,涤纶,12.0,A,20181030,S
1193,884043.TI,粘胶,2.0,A,20181030,S
1194,884044.TI,其他纤维,7.0,A,20181030,S
1195,884045.TI,氨纶,3.0,A,20181030,S
1196,884046.TI,其他塑料制品,25.0,A,20181030,S
1197,884048.TI,改性塑料,16.0,A,20181030,S
1198,884050.TI,其他橡胶制品,10.0,A,20181030,S
1199,884051.TI,炭黑,5.0,A,20181030,S
1200,884052.TI,普钢,24.0,A,20181030,S
1201,884053.TI,铝,30.0,A,20181030,S
1202,884054.TI,铜,17.0,A,20181030,S
1203,884055.TI,铅锌,14.0,A,20181030,S
1204,884056.TI,其他金属新材料,12.0,A,20181030,S
1205,884057.TI,磁性材料,11.0,A,20181030,S
1206,884058.TI,非金属材料Ⅲ,8.0,A,20181030,S
1207,884059.TI,玻璃玻纤,15.0,A,20181030,S
1208,884060.TI,水泥,27.0,A,20181030,S
1209,884062.TI,其他建材,25.0,A,20181030,S
1210,884063.TI,耐火材料,4.0,A,20181030,S
1211,884064.TI,管材,7.0,A,20181030,S
1212,884065.TI,装饰园林,45.0,A,20181030,S
1213,884066.TI,房屋建设,8.0,A,20181030,S
1214,884067.TI,基础建设,27.0,A,20181030,S
1215,884068.TI,专业工程,27.0,A,20181030,S
1216,884069.TI,机床工具,19.0,A,20181030,S
1217,884071.TI,磨具磨料,14.0,A,20181030,S
1218,884073.TI,制冷空调设备,12.0,A,20181030,S
1219,884074.TI,其他通用设备,35.0,A,20181030,S
1220,884075.TI,金属制品,61.0,A,20181030,S
1221,884076.TI,纺织服装设备,12.0,A,20181030,S
1222,884077.TI,工程机械,26.0,A,20181030,S
1223,884078.TI,农用机械,3.0,A,20181030,S
1224,884080.TI,能源及重型设备,45.0,A,20181030,S
1225,884081.TI,印刷包装机械,8.0,A,20181030,S
1226,884082.TI,其他专用设备,76.0,A,20181030,S
1227,884083.TI,楼宇设备,13.0,A,20181030,S
1228,884084.TI,环保设备,23.0,A,20181030,S
1229,884085.TI,电机,19.0,A,20181030,S
1230,884086.TI,电气自控设备,38.0,A,20181030,S
1231,884088.TI,输变电设备,43.0,A,20181030,S
1232,884089.TI,线缆部件及其他,32.0,A,20181030,S
1233,884090.TI,分立器件,12.0,A,20181030,S
1234,884091.TI,半导体材料,11.0,A,20181030,S
1235,884092.TI,印制电路板,35.0,A,20181030,S
1236,884093.TI,被动元件,12.0,A,20181030,S
1237,884094.TI,面板,39.0,A,20181030,S
1238,884095.TI,LED,41.0,A,20181030,S
1239,884096.TI,光学元件,16.0,A,20181030,S
1240,884098.TI,消费电子零部件及组装,78.0,A,20181030,S
1241,884099.TI,乘用车,9.0,A,20181030,S
1242,884100.TI,商用载货车,8.0,A,20181030,S
1243,884101.TI,商用载客车,6.0,A,20181030,S
1244,884105.TI,轨交设备,28.0,A,20181030,S
1245,884106.TI,其他交运设备,15.0,A,20181030,S
1246,884107.TI,汽车服务Ⅲ,15.0,A,20181030,S
1247,884112.TI,冰洗,5.0,A,20181030,S
1248,884113.TI,空调,4.0,A,20181030,S
1249,884115.TI,小家电Ⅲ,21.0,A,20181030,S
1250,884116.TI,其他白色家电,25.0,A,20181030,S
1251,884117.TI,彩电,4.0,A,20181030,S
1252,884118.TI,其他黑色家电,7.0,A,20181030,S
1253,884119.TI,其他酒类,9.0,A,20181030,S
1254,884120.TI,软饮料,11.0,A,20181030,S
1255,884123.TI,肉制品,8.0,A,20181030,S
1256,884124.TI,调味发酵品,14.0,A,20181030,S
1257,884125.TI,乳品,18.0,A,20181030,S
1258,884126.TI,其他食品,14.0,A,20181030,S
1259,884128.TI,棉纺,8.0,A,20181030,S
1260,884130.TI,印染,4.0,A,20181030,S
1261,884131.TI,辅料,3.0,A,20181030,S
1262,884132.TI,其他纺织,19.0,A,20181030,S
1263,884136.TI,鞋帽及其他,17.0,A,20181030,S
1264,884137.TI,家纺,6.0,A,20181030,S
1265,884139.TI,家具,28.0,A,20181030,S
1266,884140.TI,其他家用轻工,26.0,A,20181030,S
1267,884141.TI,饰品,15.0,A,20181030,S
1268,884142.TI,文娱用品,13.0,A,20181030,S
1269,884143.TI,原料药,36.0,A,20181030,S
1270,884144.TI,化学制剂,100.0,A,20181030,S
1271,884145.TI,医疗设备,30.0,A,20181030,S
1272,884146.TI,火电,27.0,A,20181030,S
1273,884147.TI,水电,11.0,A,20181030,S
1274,884149.TI,热力,17.0,A,20181030,S
1275,884150.TI,新能源发电,24.0,A,20181030,S
1276,884152.TI,燃气Ⅲ,28.0,A,20181030,S
1277,884153.TI,港口,18.0,A,20181030,S
1278,884154.TI,高速公路,20.0,A,20181030,S
1279,884155.TI,铁路运输,7.0,A,20181030,S
1280,884156.TI,机场,4.0,A,20181030,S
1281,884157.TI,航空运输,8.0,A,20181030,S
1282,884158.TI,多元金融,34.0,A,20181030,S
1283,884159.TI,保险,7.0,A,20181030,S
1284,884160.TI,百货零售,48.0,A,20181030,S
1285,884161.TI,专业连锁,10.0,A,20181030,S
1286,884162.TI,商业物业经营,18.0,A,20181030,S
1287,884163.TI,人工景点,5.0,A,20181030,S
1288,884164.TI,自然景点,11.0,A,20181030,S
1289,884165.TI,旅游综合,6.0,A,20181030,S
1290,884167.TI,酒店,7.0,A,20181030,S
1291,884168.TI,餐饮,4.0,A,20181030,S
1292,884172.TI,有线电视网络,13.0,A,20181030,S
1293,884173.TI,通信服务Ⅲ,33.0,A,20181030,S
1294,884174.TI,软件开发,113.0,A,20181030,S
1295,884176.TI,出版,27.0,A,20181030,S
1296,884177.TI,影视院线,22.0,A,20181030,S
1297,884178.TI,广告营销,30.0,A,20181030,S
1298,884179.TI,其他传媒,,A,20181030,S
1299,884180.TI,航天装备,8.0,A,20181030,S
1300,884181.TI,航空装备,44.0,A,20181030,S
1301,884182.TI,地面兵装,10.0,A,20181030,S
1302,884183.TI,航海装备,12.0,A,20181030,S
1303,884184.TI,特钢,13.0,A,20181030,S
1304,884185.TI,贵金属Ⅲ,10.0,A,20181030,S
1305,884186.TI,其他小金属,23.0,A,20181030,S
1306,884188.TI,白酒,19.0,A,20181030,S
1307,884189.TI,啤酒,7.0,A,20181030,S
1308,884191.TI,航运,13.0,A,20181030,S
1309,884192.TI,仪器仪表Ⅲ,40.0,A,20181030,S
1310,884193.TI,其他电子Ⅲ,33.0,A,20181030,S
1311,884194.TI,汽车零部件Ⅲ,189.0,A,20181030,S
1312,884195.TI,造纸Ⅲ,22.0,A,20181030,S
1313,884197.TI,中药Ⅲ,73.0,A,20181030,S
1314,884199.TI,医药商业Ⅲ,29.0,A,20181030,S
1315,884200.TI,公交,8.0,A,20181030,S
1316,884201.TI,物流Ⅲ,45.0,A,20181030,S
1317,884202.TI,住宅开发,91.0,A,20181030,S
1318,884203.TI,产业地产,11.0,A,20181030,S
1319,884205.TI,证券Ⅲ,48.0,A,20181030,S
1320,884206.TI,贸易Ⅲ,19.0,A,20181030,S
1321,884207.TI,计算机设备Ⅲ,71.0,A,20181030,S
1322,884208.TI,综合Ⅲ,32.0,A,20181030,S
1323,884209.TI,钛白粉,5.0,A,20210730,S
1324,884210.TI,食品及饲料添加剂,15.0,A,20210730,S
1325,884211.TI,有机硅,10.0,A,20210730,S
1326,884212.TI,合成树脂,8.0,A,20210730,S
1327,884213.TI,膜材料,15.0,A,20210730,S
1328,884214.TI,冶钢原料,7.0,A,20210730,S
1329,884215.TI,稀土,4.0,A,20210730,S
1330,884216.TI,能源金属,8.0,A,20210730,S
1331,884217.TI,工程咨询服务,38.0,A,20210730,S
1332,884218.TI,机器人,18.0,A,20210730,S
1333,884219.TI,工控设备,23.0,A,20210730,S
1334,884220.TI,激光设备,10.0,A,20210730,S
1335,884221.TI,其他自动化设备,18.0,A,20210730,S
1336,884222.TI,光伏设备,49.0,A,20210730,S
1337,884223.TI,风电设备,22.0,A,20210730,S
1338,884224.TI,电池,60.0,A,20210730,S
1339,884225.TI,其他电源设备,25.0,A,20210730,S
1340,884226.TI,集成电路设计,46.0,A,20210730,S
1341,884227.TI,集成电路制造,3.0,A,20210730,S
1342,884228.TI,集成电路封测,8.0,A,20210730,S
1343,884229.TI,半导体设备,9.0,A,20210730,S
1344,884230.TI,品牌消费电子,8.0,A,20210730,S
1345,884231.TI,电子化学品Ⅲ,24.0,A,20210730,S
1346,884232.TI,厨卫电器Ⅲ,9.0,A,20210730,S
1347,884233.TI,休闲食品,20.0,A,20210730,S
1348,884234.TI,服装,40.0,A,20210730,S
1349,884235.TI,印刷,5.0,A,20210730,S
1350,884236.TI,包装,37.0,A,20210730,S
1351,884237.TI,瓷砖地板,10.0,A,20210730,S
1352,884238.TI,血液制品,6.0,A,20210730,S
1353,884239.TI,疫苗,10.0,A,20210730,S
1354,884240.TI,其他生物制品,29.0,A,20210730,S
1355,884242.TI,医疗耗材,37.0,A,20210730,S
1356,884243.TI,体外诊断,38.0,A,20210730,S
1357,884244.TI,医疗研发外包,22.0,A,20210730,S
1358,884245.TI,其他医疗服务,22.0,A,20210730,S
1359,884246.TI,电能综合服务,14.0,A,20210730,S
1360,884247.TI,商业地产,9.0,A,20210730,S
1361,884248.TI,房地产服务Ⅲ,8.0,A,20210730,S
1362,884249.TI,国有大型银行,6.0,A,20210730,S
1363,884250.TI,股份制银行,9.0,A,20210730,S
1364,884251.TI,城商行,17.0,A,20210730,S
1365,884252.TI,农商行,10.0,A,20210730,S
1366,884253.TI,其他银行,,A,20210730,S
1367,884254.TI,旅游零售,1.0,A,20210730,S
1368,884255.TI,互联网电商Ⅲ,15.0,A,20210730,S
1369,884256.TI,教育Ⅲ,21.0,A,20210730,S
1370,884257.TI,专业服务,23.0,A,20210730,S
1371,884258.TI,体育,3.0,A,20210730,S
1372,884259.TI,其他社会服务Ⅲ,,A,20210730,S
1373,884260.TI,游戏,34.0,A,20210730,S
1374,884261.TI,数字媒体,13.0,A,20210730,S
1375,884262.TI,通信网络设备及器件,31.0,A,20210730,S
1376,884263.TI,通信线缆及配套,11.0,A,20210730,S
1377,884264.TI,通信终端及配件,26.0,A,20210730,S
1378,884265.TI,其他通信设备,11.0,A,20210730,S
1379,884266.TI,军工电子,44.0,A,20210730,S
1380,884267.TI,大气治理,8.0,A,20210730,S
1381,884268.TI,水务及水治理,42.0,A,20210730,S
1382,884269.TI,固废治理,27.0,A,20210730,S
1383,884270.TI,综合环境治理,24.0,A,20210730,S
1384,884271.TI,个护用品,13.0,A,20210730,S
1385,884272.TI,化妆品,13.0,A,20210730,S
1386,884273.TI,医疗美容,3.0,A,20210730,S
1387,884274.TI,IT服务,114.0,A,20210730,S
1388,861002.TI,石油与天然气,190.0,US,20181127,I
1389,861003.TI,化学制品,102.0,US,20181127,I
1390,861004.TI,建筑材料Ⅲ,19.0,US,20181127,I
1391,861005.TI,容器与包装,20.0,US,20181127,I
1392,861006.TI,金属与采矿,148.0,US,20181127,I
1393,861007.TI,林业与纸制品,21.0,US,20181127,I
1394,861008.TI,航空航天与国防Ⅲ,45.0,US,20181127,I
1395,861009.TI,建筑产品Ⅲ,31.0,US,20181127,I
1396,861010.TI,建筑与工程Ⅲ,23.0,US,20181127,I
1397,861011.TI,电气设备,39.0,US,20181127,I
1398,861012.TI,工业集团企业Ⅲ,13.0,US,20181127,I
1399,861013.TI,机械制造,105.0,US,20181127,I
1400,861014.TI,贸易与经销Ⅲ,20.0,US,20181127,I
1401,861015.TI,商业服务与用品,115.0,US,20181127,I
1402,861016.TI,专业服务,56.0,US,20181127,I
1403,861017.TI,航空货运与物流Ⅲ,17.0,US,20181127,I
1404,861018.TI,航空公司Ⅲ,22.0,US,20181127,I
1405,861019.TI,海运Ⅲ,53.0,US,20181127,I
1406,861020.TI,公路与铁路运输,34.0,US,20181127,I
1407,861021.TI,交通基本设施,5.0,US,20181127,I
1408,861022.TI,汽车零配件,48.0,US,20181127,I
1409,861023.TI,汽车,39.0,US,20181127,I
1410,861024.TI,耐用消费品,71.0,US,20181127,I
1411,861025.TI,休闲用品Ⅲ,19.0,US,20181127,I
1412,861026.TI,纺织服装与奢侈品,49.0,US,20181127,I
1413,861027.TI,酒店餐馆与休闲,125.0,US,20181127,I
1414,861028.TI,综合消费者服务,82.0,US,20181127,I
1415,861029.TI,经销商Ⅲ,8.0,US,20181127,I
1416,861030.TI,互联网与直销零售Ⅲ,59.0,US,20181127,I
1417,861031.TI,多元化零售,21.0,US,20181127,I
1418,861032.TI,专营零售,108.0,US,20181127,I
1419,861033.TI,食品与日用品零售Ⅲ,43.0,US,20181127,I
1420,861034.TI,饮料,38.0,US,20181127,I
1421,861035.TI,食品,72.0,US,20181127,I
1422,861036.TI,烟草Ⅲ,7.0,US,20181127,I
1423,861037.TI,居家用品Ⅲ,6.0,US,20181127,I
1424,861038.TI,个人用品Ⅲ,17.0,US,20181127,I
1425,861039.TI,医疗保健设备与用品,197.0,US,20181127,I
1426,861040.TI,医疗保健服务,103.0,US,20181127,I
1427,861041.TI,医疗保健技术Ⅲ,38.0,US,20181127,I
1428,861042.TI,生物科技Ⅲ,297.0,US,20181127,I
1429,861043.TI,制药Ⅲ,525.0,US,20181127,I
1430,861044.TI,生命科学工具Ⅲ,113.0,US,20181127,I
1431,861045.TI,银行Ⅲ,316.0,US,20181127,I
1432,861046.TI,互助储蓄银行Ⅲ,84.0,US,20181127,I
1433,861047.TI,综合金融服务,54.0,US,20181127,I
1434,861048.TI,消费信贷Ⅲ,44.0,US,20181127,I
1435,861049.TI,资本市场,834.0,US,20181127,I
1436,861050.TI,抵押型REITs,38.0,US,20181127,I
1437,861051.TI,保险Ⅲ,123.0,US,20181127,I
1438,861052.TI,信息技术服务,268.0,US,20181127,I
1439,861053.TI,软件,298.0,US,20181127,I
1440,861054.TI,通信设备Ⅲ,54.0,US,20181127,I
1441,861055.TI,电脑硬件储存设备及电脑周边Ⅲ,26.0,US,20181127,I
1442,861056.TI,电子设备与仪器,129.0,US,20181127,I
1443,861057.TI,半导体产品与设备Ⅲ,97.0,US,20181127,I
1444,861058.TI,综合电信业务Ⅲ,40.0,US,20181127,I
1445,861059.TI,无线电信业务Ⅲ,26.0,US,20181127,I
1446,861060.TI,媒体,96.0,US,20181127,I
1447,861061.TI,娱乐,61.0,US,20181127,I
1448,861062.TI,互动媒体与服务Ⅲ,42.0,US,20181127,I
1449,861063.TI,电力Ⅲ,44.0,US,20181127,I
1450,861064.TI,燃气Ⅲ,15.0,US,20181127,I
1451,861065.TI,复合型公用事业Ⅲ,10.0,US,20181127,I
1452,861066.TI,水务Ⅲ,14.0,US,20181127,I
1453,861067.TI,独立电力生产商Ⅲ,29.0,US,20181127,I
1454,861068.TI,权益型REITs,181.0,US,20181127,I
1455,861069.TI,房地产管理和开发,54.0,US,20181127,I
1456,861070.TI,能源Ⅰ,245.0,US,,I
1457,861071.TI,原材料Ⅰ,310.0,US,,I
1458,861072.TI,工业,578.0,US,,I
1459,861073.TI,非日常生活消费品,629.0,US,,I
1460,861074.TI,日常消费品,183.0,US,,I
1461,861075.TI,医疗保健,1273.0,US,,I
1462,861076.TI,金融,1493.0,US,,I
1463,861077.TI,信息技术,872.0,US,,I
1464,861078.TI,通讯业务,265.0,US,,I
1465,861079.TI,公用事业Ⅰ,112.0,US,,I
1466,861080.TI,房地产Ⅰ,235.0,US,,I
1467,861081.TI,能源Ⅱ,245.0,US,,I
1468,861082.TI,原材料Ⅱ,310.0,US,,I
1469,861083.TI,资本品,276.0,US,,I
1470,861084.TI,商业和专业服务,171.0,US,,I
1471,861085.TI,运输,131.0,US,,I
1472,861086.TI,汽车与汽车零部件,87.0,US,,I
1473,861087.TI,耐用消费品与服装,139.0,US,,I
1474,861088.TI,消费者服务,207.0,US,,I
1475,861089.TI,零售业,196.0,US,,I
1476,861090.TI,食品与日用品零售Ⅱ,43.0,US,,I
1477,861091.TI,食品饮料与烟草,117.0,US,,I
1478,861092.TI,家庭与个人用品,23.0,US,,I
1479,861093.TI,医疗保健设备与服务,338.0,US,,I
1480,861094.TI,制药生物科技和生命科学,935.0,US,,I
1481,861095.TI,银行Ⅱ,400.0,US,,I
1482,861096.TI,综合金融,970.0,US,,I
1483,861097.TI,保险Ⅱ,123.0,US,,I
1484,861098.TI,软件与服务,565.0,US,,I
1485,861099.TI,技术硬件与设备,209.0,US,,I
1486,861100.TI,半导体产品与设备Ⅱ,97.0,US,,I
1487,861101.TI,电信业务,66.0,US,,I
1488,861102.TI,媒体与娱乐,199.0,US,,I
1489,861103.TI,公用事业Ⅱ,112.0,US,,I
1490,861104.TI,房地产Ⅱ,235.0,US,,I
1491,861105.TI,石油与天然气钻井,15.0,US,,I
1492,861106.TI,石油天然气设备与服务,40.0,US,,I
1493,861107.TI,综合性石油与天然气企业,33.0,US,,I
1494,861108.TI,石油与天然气的勘探与生产,69.0,US,,I
1495,861109.TI,石油与天然气的炼制和营销,33.0,US,,I
1496,861110.TI,石油与天然气的储存和运输,36.0,US,,I
1497,861111.TI,煤与消费用燃料,19.0,US,,I
1498,861112.TI,商品化工,34.0,US,,I
1499,861113.TI,多种化学制品,10.0,US,,I
1500,861114.TI,化肥与农用药剂,17.0,US,,I
1501,861115.TI,工业气体,4.0,US,,I
1502,861116.TI,特种化学制品,37.0,US,,I
1503,861117.TI,建筑材料Ⅳ,19.0,US,,I
1504,861118.TI,金属与玻璃容器,12.0,US,,I
1505,861119.TI,纸材料包装,8.0,US,,I
1506,861120.TI,铝,5.0,US,,I
1507,861121.TI,多种金属与采矿,48.0,US,,I
1508,861122.TI,铜,2.0,US,,I
1509,861123.TI,黄金,34.0,US,,I
1510,861124.TI,贵重金属与矿石,32.0,US,,I
1511,861125.TI,白银,,US,,I
1512,861126.TI,钢铁,27.0,US,,I
1513,861127.TI,林业产品,11.0,US,,I
1514,861128.TI,纸制品,10.0,US,,I
1515,861129.TI,航空航天与国防Ⅳ,45.0,US,,I
1516,861130.TI,建筑产品Ⅳ,31.0,US,,I
1517,861131.TI,建筑与工程Ⅳ,23.0,US,,I
1518,861132.TI,电气部件与设备,26.0,US,,I
1519,861133.TI,重型电气设备,13.0,US,,I
1520,861134.TI,工业集团企业Ⅳ,13.0,US,,I
1521,861135.TI,建筑机械与重型卡车,19.0,US,,I
1522,861136.TI,农用农业机械,4.0,US,,I
1523,861137.TI,工业机械,82.0,US,,I
1524,861138.TI,贸易与经销Ⅳ,20.0,US,,I
1525,861139.TI,商业印刷,10.0,US,,I
1526,861140.TI,环境与设施服务,35.0,US,,I
1527,861141.TI,办公服务与用品,10.0,US,,I
1528,861142.TI,综合支持服务,48.0,US,,I
1529,861143.TI,安全和报警服务,12.0,US,,I
1530,861144.TI,人力资源与就业服务,19.0,US,,I
1531,861145.TI,调查和咨询服务,37.0,US,,I
1532,861146.TI,航空货运与物流Ⅳ,17.0,US,,I
1533,861147.TI,航空公司Ⅳ,22.0,US,,I
1534,861148.TI,海运Ⅳ,53.0,US,,I
1535,861149.TI,铁路,10.0,US,,I
1536,861150.TI,陆运,24.0,US,,I
1537,861151.TI,机场服务,4.0,US,,I
1538,861152.TI,公路与铁路,,US,,I
1539,861153.TI,海港与服务,1.0,US,,I
1540,861154.TI,机动车零配件与设备,45.0,US,,I
1541,861155.TI,轮胎与橡胶,3.0,US,,I
1542,861156.TI,汽车制造商,34.0,US,,I
1543,861157.TI,摩托车制造商,5.0,US,,I
1544,861158.TI,消费电子产品,14.0,US,,I
1545,861159.TI,家庭装饰品,11.0,US,,I
1546,861160.TI,住宅建筑,22.0,US,,I
1547,861161.TI,家用电器,11.0,US,,I
1548,861162.TI,家用器具与特殊消费品,13.0,US,,I
1549,861163.TI,休闲用品Ⅳ,19.0,US,,I
1550,861164.TI,服装服饰与奢侈品,34.0,US,,I
1551,861165.TI,鞋类,11.0,US,,I
1552,861166.TI,纺织品,4.0,US,,I
1553,861167.TI,赌场与赌博,25.0,US,,I
1554,861168.TI,酒店度假村与豪华游轮,32.0,US,,I
1555,861169.TI,休闲设施,16.0,US,,I
1556,861170.TI,餐馆,52.0,US,,I
1557,861171.TI,教育服务,54.0,US,,I
1558,861172.TI,特殊消费者服务,28.0,US,,I
1559,861173.TI,经销商Ⅳ,8.0,US,,I
1560,861174.TI,互联网与直销零售Ⅳ,59.0,US,,I
1561,861175.TI,百货商店,13.0,US,,I
1562,861176.TI,综合货品商店,8.0,US,,I
1563,861177.TI,服装零售,30.0,US,,I
1564,861178.TI,电脑与电子产品零售,5.0,US,,I
1565,861179.TI,家庭装潢零售,3.0,US,,I
1566,861180.TI,专卖店,20.0,US,,I
1567,861181.TI,汽车零售,32.0,US,,I
1568,861182.TI,家庭装饰零售,18.0,US,,I
1569,861183.TI,药品零售,8.0,US,,I
1570,861184.TI,食品分销商,17.0,US,,I
1571,861185.TI,食品零售,15.0,US,,I
1572,861186.TI,大卖场与超市,3.0,US,,I
1573,861187.TI,啤酒酿造商,6.0,US,,I
1574,861188.TI,酿酒商与葡萄酒商,13.0,US,,I
1575,861189.TI,软饮料,19.0,US,,I
1576,861190.TI,农产品,27.0,US,,I
1577,861191.TI,包装食品与肉类,45.0,US,,I
1578,861192.TI,烟草Ⅳ,7.0,US,,I
1579,861193.TI,居家用品Ⅳ,6.0,US,,I
1580,861194.TI,个人用品Ⅳ,17.0,US,,I
1581,861195.TI,医疗保健设备,161.0,US,,I
1582,861196.TI,医疗保健用品,36.0,US,,I
1583,861197.TI,保健护理产品经销商,12.0,US,,I
1584,861198.TI,保健护理服务,58.0,US,,I
1585,861199.TI,保健护理机构,25.0,US,,I
1586,861200.TI,管理型保健护理,8.0,US,,I
1587,861201.TI,医疗保健技术Ⅳ,38.0,US,,I
1588,861202.TI,生物科技Ⅳ,298.0,US,,I
1589,861203.TI,制药Ⅳ,524.0,US,,I
1590,861204.TI,生命科学工具Ⅳ,113.0,US,,I
1591,861205.TI,综合性银行,84.0,US,,I
1592,861206.TI,区域性银行,232.0,US,,I
1593,861207.TI,互助储蓄银行Ⅳ,84.0,US,,I
1594,861208.TI,其它综合性金融服务,39.0,US,,I
1595,861209.TI,多领域控股,1.0,US,,I
1596,861210.TI,特殊金融服务,14.0,US,,I
1597,861211.TI,消费信贷Ⅳ,44.0,US,,I
1598,861212.TI,资产管理与托管银行,146.0,US,,I
1599,861213.TI,投资银行业与经纪业,663.0,US,,I
1600,861214.TI,综合性资本市场,15.0,US,,I
1601,861215.TI,金融交易所和数据,10.0,US,,I
1602,861216.TI,抵押房地产投资信托,38.0,US,,I
1603,861217.TI,保险经纪商,26.0,US,,I
1604,861218.TI,人寿与健康保险,23.0,US,,I
1605,861219.TI,多元化保险,16.0,US,,I
1606,861220.TI,财产与意外伤害保险,49.0,US,,I
1607,861221.TI,再保险,9.0,US,,I
1608,861222.TI,信息科技咨询与其它服务,101.0,US,,I
1609,861223.TI,数据处理与外包服务,59.0,US,,I
1610,861224.TI,互联网服务和基础设施,109.0,US,,I
1611,861225.TI,应用软件,266.0,US,,I
1612,861226.TI,系统软件,32.0,US,,I
1613,861227.TI,通信设备Ⅳ,54.0,US,,I
1614,861228.TI,电脑硬件储存设备及电脑周边Ⅳ,26.0,US,,I
1615,861229.TI,电子设备和仪器,51.0,US,,I
1616,861230.TI,电子元件,44.0,US,,I
1617,861231.TI,电子制造服务,21.0,US,,I
1618,861232.TI,技术产品经销商,13.0,US,,I
1619,861233.TI,半导体设备,26.0,US,,I
1620,861234.TI,半导体产品,71.0,US,,I
1621,861235.TI,非传统电信运营商,8.0,US,,I
1622,861236.TI,综合电信业务Ⅳ,32.0,US,,I
1623,861237.TI,无线电信业务Ⅳ,26.0,US,,I
1624,861238.TI,广告,38.0,US,,I
1625,861239.TI,广播,19.0,US,,I
1626,861240.TI,有线和卫星电视,25.0,US,,I
1627,861241.TI,出版,14.0,US,,I
1628,861242.TI,电影和娱乐,44.0,US,,I
1629,861243.TI,互动家庭娱乐,17.0,US,,I
1630,861244.TI,互动媒体与服务Ⅳ,42.0,US,,I
1631,861245.TI,电力Ⅳ,44.0,US,,I
1632,861246.TI,燃气Ⅳ,15.0,US,,I
1633,861247.TI,复合型公用事业Ⅳ,10.0,US,,I
1634,861248.TI,水务Ⅳ,14.0,US,,I
1635,861249.TI,独立电力生产商Ⅳ,15.0,US,,I
1636,861250.TI,新能源发电业者,14.0,US,,I
1637,861251.TI,多样化房地产投资信托,45.0,US,,I
1638,861252.TI,工业房地产投资信托,13.0,US,,I
1639,861253.TI,酒店及度假村房地产投资信托,5.0,US,,I
1640,861254.TI,办公房地产投资信托,21.0,US,,I
1641,861255.TI,医疗保健房地产投资信托,4.0,US,,I
1642,861256.TI,住宅房地产投资信托,26.0,US,,I
1643,861257.TI,零售业房地产投资信托,28.0,US,,I
1644,861258.TI,特种房地产投资信托,39.0,US,,I
1645,861259.TI,多样化房地产活动,9.0,US,,I
1646,861260.TI,房地产经营公司,17.0,US,,I
1647,861261.TI,房地产开发,12.0,US,,I
1648,861262.TI,房地产服务,16.0,US,,I
1649,871001.TI,能源设备与服务,14.0,HK,20181127,I
1650,871002.TI,石油与天然气,57.0,HK,20181127,I
1651,871003.TI,化学制品,50.0,HK,20181127,I
1652,871004.TI,建筑材料,22.0,HK,20181127,I
1653,871005.TI,容器与包装,23.0,HK,20181127,I
1654,871006.TI,金属与采矿,71.0,HK,20181127,I
1655,871007.TI,林业与纸制品,17.0,HK,20181127,I
1656,871008.TI,航空航天与国防,2.0,HK,20181127,I
1657,871009.TI,建筑产品,9.0,HK,20181127,I
1658,871010.TI,建筑与工程,151.0,HK,20181127,I
1659,871011.TI,电气设备,28.0,HK,20181127,I
1660,871012.TI,工业集团企业,5.0,HK,20181127,I
1661,871013.TI,机械制造,57.0,HK,20181127,I
1662,871014.TI,贸易与经销,55.0,HK,20181127,I
1663,871015.TI,商业服务与用品,80.0,HK,20181127,I
1664,871016.TI,专业服务,17.0,HK,20181127,I
1665,871017.TI,航空货运与物流,17.0,HK,20181127,I
1666,871018.TI,航空公司,4.0,HK,20181127,I
1667,871019.TI,海运,14.0,HK,20181127,I
1668,871020.TI,公路与铁路,10.0,HK,20181127,I
1669,871021.TI,交通基本设施,29.0,HK,20181127,I
1670,871022.TI,汽车零配件,25.0,HK,20181127,I
1671,871023.TI,汽车,11.0,HK,20181127,I
1672,871024.TI,耐用消费品,59.0,HK,20181127,I
1673,871025.TI,休闲设备与用品,24.0,HK,20181127,I
1674,871026.TI,纺织服装与奢侈品,111.0,HK,20181127,I
1675,871027.TI,酒店餐饮与休闲,101.0,HK,20181127,I
1676,871028.TI,综合消费者服务,73.0,HK,20181127,I
1677,871029.TI,经销商,12.0,HK,20181127,I
1678,871030.TI,互联网与直销零售,14.0,HK,20181127,I
1679,871031.TI,多元化零售,18.0,HK,20181127,I
1680,871032.TI,专营零售,75.0,HK,20181127,I
1681,871033.TI,食品与日用品零售,33.0,HK,20181127,I
1682,871034.TI,饮料,19.0,HK,20181127,I
1683,871035.TI,食品,53.0,HK,20181127,I
1684,871037.TI,居家用品,4.0,HK,20181127,I
1685,871038.TI,个人用品,8.0,HK,20181127,I
1686,871039.TI,医疗保健设备,43.0,HK,20181127,I
1687,871040.TI,医疗保健服务,49.0,HK,20181127,I
1688,871041.TI,医疗保健技术,12.0,HK,20181127,I
1689,871042.TI,生物科技,15.0,HK,20181127,I
1690,871043.TI,制药,66.0,HK,20181127,I
1691,871044.TI,生命科学工具,11.0,HK,20181127,I
1692,871045.TI,商业银行,39.0,HK,20181127,I
1693,871046.TI,互助储蓄银行,4.0,HK,20181127,I
1694,871047.TI,综合金融服务,68.0,HK,20181127,I
1695,871048.TI,消费信贷,40.0,HK,20181127,I
1696,871049.TI,资本市场,87.0,HK,20181127,I
1697,871051.TI,保险,15.0,HK,20181127,I
1698,871052.TI,信息技术服务,43.0,HK,20181127,I
1699,871053.TI,软件,35.0,HK,20181127,I
1700,871054.TI,通信设备,21.0,HK,20181127,I
1701,871055.TI,电脑与外围设备,8.0,HK,20181127,I
1702,871056.TI,电子设备与仪器,93.0,HK,20181127,I
1703,871057.TI,半导体产品与设备,21.0,HK,20181127,I
1704,871058.TI,综合电信业务,13.0,HK,20181127,I
1705,871060.TI,媒体,58.0,HK,20181127,I
1706,871061.TI,娱乐,52.0,HK,20181127,I
1707,871062.TI,互动媒体与服务,34.0,HK,20181127,I
1708,871063.TI,电力,13.0,HK,20181127,I
1709,871064.TI,燃气,18.0,HK,20181127,I
1710,871065.TI,复合型公用事业,2.0,HK,20181127,I
1711,871066.TI,水务,9.0,HK,20181127,I
1712,871068.TI,权益型REITs,25.0,HK,20181127,I
1713,871069.TI,房地产管理和开发,277.0,HK,20181127,I
1714,877001.TI,能源业,77.0,HK,20150101,I
1715,877002.TI,原材料业,139.0,HK,20150101,I
1716,877003.TI,工业,301.0,HK,20150101,I
1717,877004.TI,非必需性消费,652.0,HK,20150101,I
1718,877005.TI,必需性消费,120.0,HK,20150101,I
1719,877006.TI,医疗保健业,195.0,HK,20150101,I
1720,877007.TI,电讯业,15.0,HK,20150101,I
1721,877008.TI,公用事业,78.0,HK,20150101,I
1722,877009.TI,金融业,231.0,HK,20150101,I
1723,877010.TI,地产建筑业,511.0,HK,20150101,I
1724,877011.TI,资讯科技业,233.0,HK,20150101,I
1725,877012.TI,综合企业,22.0,HK,20150101,I
1726,877013.TI,石油及天然气,52.0,HK,20150101,I
1727,877014.TI,煤炭,25.0,HK,20150101,I
1728,877015.TI,黄金及贵金属,14.0,HK,20150101,I
1729,877016.TI,一般金属及矿石,69.0,HK,20150101,I
1730,877017.TI,原材料,56.0,HK,20150101,I
1731,877018.TI,工业工程,183.0,HK,20150101,I
1732,877019.TI,工用运输,67.0,HK,20150101,I
1733,877020.TI,工用支援,51.0,HK,20150101,I
1734,877021.TI,汽车,38.0,HK,20150101,I
1735,877022.TI,家庭电器及用品,93.0,HK,20150101,I
1736,877023.TI,纺织及服饰,129.0,HK,20150101,I
1737,877024.TI,旅游及消闲设施,142.0,HK,20150101,I
1738,877025.TI,媒体及娱乐,95.0,HK,20150101,I
1739,877026.TI,支援服务,81.0,HK,20150101,I
1740,877027.TI,专业零售,74.0,HK,20150101,I
1741,877028.TI,食物饮品,76.0,HK,20150101,I
1742,877029.TI,农业产品,23.0,HK,20150101,I
1743,877030.TI,消费者主要零售商,21.0,HK,20150101,I
1744,877031.TI,药品及生物科技,121.0,HK,20150101,I
1745,877032.TI,医疗保健设备和服务,74.0,HK,20150101,I
1746,877033.TI,电讯,15.0,HK,20150101,I
1747,877034.TI,公用事业,78.0,HK,20150101,I
1748,877035.TI,银行,40.0,HK,20150101,I
1749,877036.TI,保险,17.0,HK,20150101,I
1750,877037.TI,其他金融,174.0,HK,20150101,I
1751,877038.TI,地产,294.0,HK,20150101,I
1752,877039.TI,建筑,217.0,HK,20150101,I
1753,877040.TI,资讯科技器材,65.0,HK,20150101,I
1754,877041.TI,软件服务,152.0,HK,20150101,I
1755,877042.TI,半导体,16.0,HK,20150101,I
1756,877043.TI,综合企业,22.0,HK,20150101,I
1757,877044.TI,气油生产商,31.0,HK,20150101,I
1758,877045.TI,气油设备与服务,21.0,HK,20150101,I
1759,877046.TI,煤炭,25.0,HK,20150101,I
1760,877047.TI,黄金及贵金属,14.0,HK,20150101,I
1761,877048.TI,钢铁,24.0,HK,20150101,I
1762,877049.TI,铜,11.0,HK,20150101,I
1763,877050.TI,铝,6.0,HK,20150101,I
1764,877051.TI,其他金属及矿物,28.0,HK,20150101,I
1765,877052.TI,化肥及农用化合物,10.0,HK,20150101,I
1766,877053.TI,林业及木材,10.0,HK,20150101,I
1767,877054.TI,纸及纸制品,8.0,HK,20150101,I
1768,877055.TI,特殊化工用品,28.0,HK,20150101,I
1769,877056.TI,商业用车及货车,17.0,HK,20150101,I
1770,877057.TI,工业零件及器材,84.0,HK,20150101,I
1771,877058.TI,电子零件,11.0,HK,20150101,I
1772,877059.TI,环保工程,31.0,HK,20150101,I
1773,877060.TI,重机械,18.0,HK,20150101,I
1774,877061.TI,新能源物料,19.0,HK,20150101,I
1775,877062.TI,航空航天与国防,3.0,HK,20150101,I
1776,877063.TI,航运及港口,30.0,HK,20150101,I
1777,877064.TI,铁路及公路,14.0,HK,20150101,I
1778,877065.TI,航空货运及物流,23.0,HK,20150101,I
1779,877066.TI,采购及供应链管理,14.0,HK,20150101,I
1780,877067.TI,印刷及包装,37.0,HK,20150101,I
1781,877068.TI,汽车,13.0,HK,20150101,I
1782,877069.TI,汽车零件,25.0,HK,20150101,I
1783,877070.TI,家庭电器,16.0,HK,20150101,I
1784,877071.TI,消费电子产品,21.0,HK,20150101,I
1785,877072.TI,玩具及消闲用品,22.0,HK,20150101,I
1786,877073.TI,家具,34.0,HK,20150101,I
1787,877074.TI,纺织品及布料,25.0,HK,20150101,I
1788,877075.TI,服装,61.0,HK,20150101,I
1789,877076.TI,鞋类,10.0,HK,20150101,I
1790,877077.TI,珠宝钟表,13.0,HK,20150101,I
1791,877078.TI,其他服饰配件,20.0,HK,20150101,I
1792,877079.TI,公共运输,5.0,HK,20150101,I
1793,877080.TI,航空服务,8.0,HK,20150101,I
1794,877081.TI,赌场及博彩,22.0,HK,20150101,I
1795,877082.TI,酒店及度假村,29.0,HK,20150101,I
1796,877083.TI,旅游及观光,20.0,HK,20150101,I
1797,877084.TI,餐饮,49.0,HK,20150101,I
1798,877085.TI,消闲及文娱设施,9.0,HK,20150101,I
1799,877086.TI,广告及宣传,38.0,HK,20150101,I
1800,877087.TI,广播,8.0,HK,20150101,I
1801,877088.TI,影视娱乐,34.0,HK,20150101,I
1802,877089.TI,出版,15.0,HK,20150101,I
1803,877090.TI,教育,41.0,HK,20150101,I
1804,877091.TI,其他支援服务,40.0,HK,20150101,I
1805,877092.TI,汽车零售商,18.0,HK,20150101,I
1806,877093.TI,服装零售商,10.0,HK,20150101,I
1807,877094.TI,家居装修零售商,7.0,HK,20150101,I
1808,877095.TI,多元化零售商,14.0,HK,20150101,I
1809,877096.TI,其他零售商,25.0,HK,20150101,I
1810,877097.TI,包装食品,27.0,HK,20150101,I
1811,877098.TI,乳制品,10.0,HK,20150101,I
1812,877099.TI,非酒精饮料,14.0,HK,20150101,I
1813,877100.TI,酒精饮料,13.0,HK,20150101,I
1814,877101.TI,烟草,1.0,HK,20150101,I
1815,877102.TI,食品添加剂,11.0,HK,20150101,I
1816,877103.TI,禽畜肉类,7.0,HK,20150101,I
1817,877104.TI,农产品,13.0,HK,20150101,I
1818,877105.TI,禽畜饲料,3.0,HK,20150101,I
1819,877106.TI,超市及便利店,8.0,HK,20150101,I
1820,877107.TI,个人护理,13.0,HK,20150101,I
1821,877108.TI,药品,66.0,HK,20150101,I
1822,877109.TI,生物技术,47.0,HK,20150101,I
1823,877110.TI,中医药,8.0,HK,20150101,I
1824,877111.TI,医疗保健设备,32.0,HK,20150101,I
1825,877112.TI,医疗及医学美容服务,42.0,HK,20150101,I
1826,877113.TI,卫星及无线通讯,4.0,HK,20150101,I
1827,877114.TI,电讯服务,11.0,HK,20150101,I
1828,877115.TI,电力,14.0,HK,20150101,I
1829,877116.TI,燃气供应,22.0,HK,20150101,I
1830,877117.TI,水务,18.0,HK,20150101,I
1831,877118.TI,非传统/可再生能源,24.0,HK,20150101,I
1832,877119.TI,银行,40.0,HK,20150101,I
1833,877120.TI,保险,17.0,HK,20150101,I
1834,877121.TI,证券及经纪,52.0,HK,20150101,I
1835,877122.TI,投资及资产管理,50.0,HK,20150101,I
1836,877123.TI,信贷,52.0,HK,20150101,I
1837,877124.TI,其他金融,20.0,HK,20150101,I
1838,877125.TI,地产代理,7.0,HK,20150101,I
1839,877126.TI,地产发展商,158.0,HK,20150101,I
1840,877127.TI,地产投资,74.0,HK,20150101,I
1841,877128.TI,房地产投资信托,,HK,20150101,I
1842,877129.TI,物业服务及管理,55.0,HK,20150101,I
1843,877130.TI,建筑材料,29.0,HK,20150101,I
1844,877131.TI,楼宇建造,137.0,HK,20150101,I
1845,877132.TI,重型基建,51.0,HK,20150101,I
1846,877133.TI,电讯设备,42.0,HK,20150101,I
1847,877134.TI,电脑及周边器材,23.0,HK,20150101,I
1848,877135.TI,系统开发及资讯科技顾问,64.0,HK,20150101,I
1849,877136.TI,电子商贸及互联网服务,39.0,HK,20150101,I
1850,877137.TI,软件开发,49.0,HK,20150101,I
1851,877138.TI,半导体,16.0,HK,20150101,I
1852,877139.TI,综合企业,22.0,HK,20150101,I
1853,881101.TI,种植业与林业,21.0,A,20070801,I
1854,881102.TI,养殖业,27.0,A,20070801,I
1855,881103.TI,农产品加工,33.0,A,20070801,I
1856,881104.TI,农业服务,16.0,A,20070801,I
1857,881105.TI,煤炭开采加工,34.0,A,20070801,I
1858,881107.TI,油气开采及服务,20.0,A,20070801,I
1859,881108.TI,化学原料,55.0,A,20070801,I
1860,881109.TI,化学制品,189.0,A,20070801,I
1861,881110.TI,化工合成材料,103.0,A,20070801,I
1862,881112.TI,钢铁,44.0,A,20070801,I
1863,881114.TI,金属新材料,23.0,A,20070801,I
1864,881115.TI,建筑材料,78.0,A,20070801,I
1865,881116.TI,建筑装饰,145.0,A,20070801,I
1866,881117.TI,通用设备,141.0,A,20070801,I
1867,881118.TI,专用设备,183.0,A,20070801,I
1868,881119.TI,仪器仪表,40.0,A,20070801,I
1869,881120.TI,电力设备,288.0,A,20070801,I
1870,881121.TI,半导体及元件,136.0,A,20070801,I
1871,881122.TI,光学光电子,96.0,A,20070801,I
1872,881123.TI,其他电子,33.0,A,20070801,I
1873,881124.TI,消费电子,86.0,A,20070801,I
1874,881125.TI,汽车整车,23.0,A,20070801,I
1875,881126.TI,汽车零部件,189.0,A,20070801,I
1876,881127.TI,非汽车交运,43.0,A,20070801,I
1877,881128.TI,汽车服务,15.0,A,20070801,I
1878,881129.TI,通信设备,79.0,A,20070801,I
1879,881130.TI,计算机设备,71.0,A,20070801,I
1880,881131.TI,白色家电,34.0,A,20070801,I
1881,881132.TI,黑色家电,11.0,A,20070801,I
1882,881133.TI,饮料制造,46.0,A,20070801,I
1883,881134.TI,食品加工制造,74.0,A,20070801,I
1884,881135.TI,纺织制造,34.0,A,20070801,I
1885,881136.TI,服装家纺,63.0,A,20070801,I
1886,881137.TI,造纸,22.0,A,20070801,I
1887,881138.TI,包装印刷,42.0,A,20070801,I
1888,881139.TI,家用轻工,92.0,A,20070801,I
1889,881140.TI,化学制药,136.0,A,20070801,I
1890,881141.TI,中药,73.0,A,20070801,I
1891,881142.TI,生物制品,45.0,A,20070801,I
1892,881143.TI,医药商业,29.0,A,20070801,I
1893,881144.TI,医疗器械,105.0,A,20070801,I
1894,881145.TI,电力,93.0,A,20070801,I
1895,881146.TI,燃气,28.0,A,20070801,I
1896,881148.TI,港口航运,31.0,A,20070801,I
1897,881149.TI,公路铁路运输,35.0,A,20070801,I
1898,881151.TI,机场航运,12.0,A,20070801,I
1899,881152.TI,物流,45.0,A,20070801,I
1900,881153.TI,房地产开发,111.0,A,20070801,I
1901,881155.TI,银行,42.0,A,20070801,I
1902,881156.TI,保险及其他,41.0,A,20070801,I
1903,881157.TI,证券,48.0,A,20070801,I
1904,881158.TI,零售,77.0,A,20070801,I
1905,881159.TI,贸易,19.0,A,20070801,I
1906,881160.TI,景点及旅游,22.0,A,20070801,I
1907,881161.TI,酒店及餐饮,11.0,A,20070801,I
1908,881162.TI,通信服务,33.0,A,20070801,I
1909,881163.TI,计算机应用,227.0,A,20070801,I
1910,881164.TI,传媒,139.0,A,20070801,I
1911,881165.TI,综合,32.0,A,20070801,I
1912,881166.TI,国防军工,118.0,A,20150105,I
1913,881167.TI,非金属材料,8.0,A,20210730,I
1914,881168.TI,工业金属,61.0,A,20210730,I
1915,881169.TI,贵金属,10.0,A,20210730,I
1916,881170.TI,小金属,35.0,A,20210730,I
1917,881171.TI,自动化设备,69.0,A,20210730,I
1918,881172.TI,电子化学品,24.0,A,20210730,I
1919,881173.TI,小家电,21.0,A,20210730,I
1920,881174.TI,厨卫电器,9.0,A,20210730,I
1921,881175.TI,医疗服务,44.0,A,20210730,I
1922,881176.TI,房地产服务,8.0,A,20210730,I
1923,881177.TI,互联网电商,15.0,A,20210730,I
1924,881178.TI,教育,21.0,A,20210730,I
1925,881179.TI,其他社会服务,26.0,A,20210730,I
1926,881180.TI,石油加工贸易,24.0,A,20210730,I
1927,881181.TI,环保,124.0,A,20210730,I
1928,881182.TI,美容护理,29.0,A,20210730,I
1929,884001.TI,种子生产,8.0,A,20181030,I
1930,884002.TI,粮食种植,2.0,A,20181030,I
1931,884003.TI,其他种植业,8.0,A,20181030,I
1932,884004.TI,林业,3.0,A,20181030,I
1933,884005.TI,海洋捕捞,2.0,A,20181030,I
1934,884006.TI,水产养殖,6.0,A,20181030,I
1935,884007.TI,畜禽养殖,19.0,A,20181030,I
1936,884008.TI,饲料,14.0,A,20181030,I
1937,884009.TI,果蔬加工,3.0,A,20181030,I
1938,884010.TI,粮油加工,6.0,A,20181030,I
1939,884011.TI,其他农产品加工,10.0,A,20181030,I
1940,884012.TI,农业综合,3.0,A,20181030,I
1941,884013.TI,动物保健,13.0,A,20181030,I
1942,884014.TI,煤炭开采,26.0,A,20181030,I
1943,884015.TI,焦炭加工,8.0,A,20181030,I
1944,884016.TI,油气开采,6.0,A,20181030,I
1945,884018.TI,油服工程,14.0,A,20181030,I
1946,884020.TI,石油加工,19.0,A,20181030,I
1947,884021.TI,油品石化贸易,5.0,A,20181030,I
1948,884022.TI,纯碱,5.0,A,20181030,I
1949,884023.TI,氯碱,17.0,A,20181030,I
1950,884024.TI,无机盐,9.0,A,20181030,I
1951,884025.TI,其他化学原料,19.0,A,20181030,I
1952,884026.TI,氮肥,3.0,A,20181030,I
1953,884027.TI,磷肥及磷化工,8.0,A,20181030,I
1954,884028.TI,农药,29.0,A,20181030,I
1955,884030.TI,涂料油墨,13.0,A,20181030,I
1956,884031.TI,钾肥,5.0,A,20181030,I
1957,884032.TI,民爆用品,13.0,A,20181030,I
1958,884033.TI,纺织化学用品,12.0,A,20181030,I
1959,884034.TI,其他化学制品,55.0,A,20181030,I
1960,884035.TI,复合肥,9.0,A,20181030,I
1961,884036.TI,氟化工,9.0,A,20181030,I
1962,884039.TI,聚氨酯,8.0,A,20181030,I
1963,884041.TI,涤纶,12.0,A,20181030,I
1964,884043.TI,粘胶,2.0,A,20181030,I
1965,884044.TI,其他纤维,7.0,A,20181030,I
1966,884045.TI,氨纶,3.0,A,20181030,I
1967,884046.TI,其他塑料制品,25.0,A,20181030,I
1968,884048.TI,改性塑料,16.0,A,20181030,I
1969,884050.TI,其他橡胶制品,10.0,A,20181030,I
1970,884051.TI,炭黑,5.0,A,20181030,I
1971,884052.TI,普钢,24.0,A,20181030,I
1972,884053.TI,铝,30.0,A,20181030,I
1973,884054.TI,铜,17.0,A,20181030,I
1974,884055.TI,铅锌,14.0,A,20181030,I
1975,884056.TI,其他金属新材料,12.0,A,20181030,I
1976,884057.TI,磁性材料,11.0,A,20181030,I
1977,884058.TI,非金属材料Ⅲ,8.0,A,20181030,I
1978,884059.TI,玻璃玻纤,15.0,A,20181030,I
1979,884060.TI,水泥,27.0,A,20181030,I
1980,884062.TI,其他建材,25.0,A,20181030,I
1981,884063.TI,耐火材料,4.0,A,20181030,I
1982,884064.TI,管材,7.0,A,20181030,I
1983,884065.TI,装饰园林,45.0,A,20181030,I
1984,884066.TI,房屋建设,8.0,A,20181030,I
1985,884067.TI,基础建设,27.0,A,20181030,I
1986,884068.TI,专业工程,27.0,A,20181030,I
1987,884069.TI,机床工具,19.0,A,20181030,I
1988,884071.TI,磨具磨料,14.0,A,20181030,I
1989,884073.TI,制冷空调设备,12.0,A,20181030,I
1990,884074.TI,其他通用设备,35.0,A,20181030,I
1991,884075.TI,金属制品,61.0,A,20181030,I
1992,884076.TI,纺织服装设备,12.0,A,20181030,I
1993,884077.TI,工程机械,26.0,A,20181030,I
1994,884078.TI,农用机械,3.0,A,20181030,I
1995,884080.TI,能源及重型设备,45.0,A,20181030,I
1996,884081.TI,印刷包装机械,8.0,A,20181030,I
1997,884082.TI,其他专用设备,76.0,A,20181030,I
1998,884083.TI,楼宇设备,13.0,A,20181030,I
1999,884084.TI,环保设备,23.0,A,20181030,I
2000,884085.TI,电机,19.0,A,20181030,I
2001,884086.TI,电气自控设备,38.0,A,20181030,I
2002,884088.TI,输变电设备,43.0,A,20181030,I
2003,884089.TI,线缆部件及其他,32.0,A,20181030,I
2004,884090.TI,分立器件,12.0,A,20181030,I
2005,884091.TI,半导体材料,11.0,A,20181030,I
2006,884092.TI,印制电路板,35.0,A,20181030,I
2007,884093.TI,被动元件,12.0,A,20181030,I
2008,884094.TI,面板,39.0,A,20181030,I
2009,884095.TI,LED,41.0,A,20181030,I
2010,884096.TI,光学元件,16.0,A,20181030,I
2011,884098.TI,消费电子零部件及组装,78.0,A,20181030,I
2012,884099.TI,乘用车,9.0,A,20181030,I
2013,884100.TI,商用载货车,8.0,A,20181030,I
2014,884101.TI,商用载客车,6.0,A,20181030,I
2015,884105.TI,轨交设备,28.0,A,20181030,I
2016,884106.TI,其他交运设备,15.0,A,20181030,I
2017,884107.TI,汽车服务Ⅲ,15.0,A,20181030,I
2018,884112.TI,冰洗,5.0,A,20181030,I
2019,884113.TI,空调,4.0,A,20181030,I
2020,884115.TI,小家电Ⅲ,21.0,A,20181030,I
2021,884116.TI,其他白色家电,25.0,A,20181030,I
2022,884117.TI,彩电,4.0,A,20181030,I
2023,884118.TI,其他黑色家电,7.0,A,20181030,I
2024,884119.TI,其他酒类,9.0,A,20181030,I
2025,884120.TI,软饮料,11.0,A,20181030,I
2026,884123.TI,肉制品,8.0,A,20181030,I
2027,884124.TI,调味发酵品,14.0,A,20181030,I
2028,884125.TI,乳品,18.0,A,20181030,I
2029,884126.TI,其他食品,14.0,A,20181030,I
2030,884128.TI,棉纺,8.0,A,20181030,I
2031,884130.TI,印染,4.0,A,20181030,I
2032,884131.TI,辅料,3.0,A,20181030,I
2033,884132.TI,其他纺织,19.0,A,20181030,I
2034,884136.TI,鞋帽及其他,17.0,A,20181030,I
2035,884137.TI,家纺,6.0,A,20181030,I
2036,884139.TI,家具,28.0,A,20181030,I
2037,884140.TI,其他家用轻工,26.0,A,20181030,I
2038,884141.TI,饰品,15.0,A,20181030,I
2039,884142.TI,文娱用品,13.0,A,20181030,I
2040,884143.TI,原料药,36.0,A,20181030,I
2041,884144.TI,化学制剂,100.0,A,20181030,I
2042,884145.TI,医疗设备,30.0,A,20181030,I
2043,884146.TI,火电,27.0,A,20181030,I
2044,884147.TI,水电,11.0,A,20181030,I
2045,884149.TI,热力,17.0,A,20181030,I
2046,884150.TI,新能源发电,24.0,A,20181030,I
2047,884152.TI,燃气Ⅲ,28.0,A,20181030,I
2048,884153.TI,港口,18.0,A,20181030,I
2049,884154.TI,高速公路,20.0,A,20181030,I
2050,884155.TI,铁路运输,7.0,A,20181030,I
2051,884156.TI,机场,4.0,A,20181030,I
2052,884157.TI,航空运输,8.0,A,20181030,I
2053,884158.TI,多元金融,34.0,A,20181030,I
2054,884159.TI,保险,7.0,A,20181030,I
2055,884160.TI,百货零售,48.0,A,20181030,I
2056,884161.TI,专业连锁,10.0,A,20181030,I
2057,884162.TI,商业物业经营,18.0,A,20181030,I
2058,884163.TI,人工景点,5.0,A,20181030,I
2059,884164.TI,自然景点,11.0,A,20181030,I
2060,884165.TI,旅游综合,6.0,A,20181030,I
2061,884167.TI,酒店,7.0,A,20181030,I
2062,884168.TI,餐饮,4.0,A,20181030,I
2063,884172.TI,有线电视网络,13.0,A,20181030,I
2064,884173.TI,通信服务Ⅲ,33.0,A,20181030,I
2065,884174.TI,软件开发,113.0,A,20181030,I
2066,884176.TI,出版,27.0,A,20181030,I
2067,884177.TI,影视院线,22.0,A,20181030,I
2068,884178.TI,广告营销,30.0,A,20181030,I
2069,884179.TI,其他传媒,,A,20181030,I
2070,884180.TI,航天装备,8.0,A,20181030,I
2071,884181.TI,航空装备,44.0,A,20181030,I
2072,884182.TI,地面兵装,10.0,A,20181030,I
2073,884183.TI,航海装备,12.0,A,20181030,I
2074,884184.TI,特钢,13.0,A,20181030,I
2075,884185.TI,贵金属Ⅲ,10.0,A,20181030,I
2076,884186.TI,其他小金属,23.0,A,20181030,I
2077,884188.TI,白酒,19.0,A,20181030,I
2078,884189.TI,啤酒,7.0,A,20181030,I
2079,884191.TI,航运,13.0,A,20181030,I
2080,884192.TI,仪器仪表Ⅲ,40.0,A,20181030,I
2081,884193.TI,其他电子Ⅲ,33.0,A,20181030,I
2082,884194.TI,汽车零部件Ⅲ,189.0,A,20181030,I
2083,884195.TI,造纸Ⅲ,22.0,A,20181030,I
2084,884197.TI,中药Ⅲ,73.0,A,20181030,I
2085,884199.TI,医药商业Ⅲ,29.0,A,20181030,I
2086,884200.TI,公交,8.0,A,20181030,I
2087,884201.TI,物流Ⅲ,45.0,A,20181030,I
2088,884202.TI,住宅开发,91.0,A,20181030,I
2089,884203.TI,产业地产,11.0,A,20181030,I
2090,884205.TI,证券Ⅲ,48.0,A,20181030,I
2091,884206.TI,贸易Ⅲ,19.0,A,20181030,I
2092,884207.TI,计算机设备Ⅲ,71.0,A,20181030,I
2093,884208.TI,综合Ⅲ,32.0,A,20181030,I
2094,884209.TI,钛白粉,5.0,A,20210730,I
2095,884210.TI,食品及饲料添加剂,15.0,A,20210730,I
2096,884211.TI,有机硅,10.0,A,20210730,I
2097,884212.TI,合成树脂,8.0,A,20210730,I
2098,884213.TI,膜材料,15.0,A,20210730,I
2099,884214.TI,冶钢原料,7.0,A,20210730,I
2100,884215.TI,稀土,4.0,A,20210730,I
2101,884216.TI,能源金属,8.0,A,20210730,I
2102,884217.TI,工程咨询服务,38.0,A,20210730,I
2103,884218.TI,机器人,18.0,A,20210730,I
2104,884219.TI,工控设备,23.0,A,20210730,I
2105,884220.TI,激光设备,10.0,A,20210730,I
2106,884221.TI,其他自动化设备,18.0,A,20210730,I
2107,884222.TI,光伏设备,49.0,A,20210730,I
2108,884223.TI,风电设备,22.0,A,20210730,I
2109,884224.TI,电池,60.0,A,20210730,I
2110,884225.TI,其他电源设备,25.0,A,20210730,I
2111,884226.TI,集成电路设计,46.0,A,20210730,I
2112,884227.TI,集成电路制造,3.0,A,20210730,I
2113,884228.TI,集成电路封测,8.0,A,20210730,I
2114,884229.TI,半导体设备,9.0,A,20210730,I
2115,884230.TI,品牌消费电子,8.0,A,20210730,I
2116,884231.TI,电子化学品Ⅲ,24.0,A,20210730,I
2117,884232.TI,厨卫电器Ⅲ,9.0,A,20210730,I
2118,884233.TI,休闲食品,20.0,A,20210730,I
2119,884234.TI,服装,40.0,A,20210730,I
2120,884235.TI,印刷,5.0,A,20210730,I
2121,884236.TI,包装,37.0,A,20210730,I
2122,884237.TI,瓷砖地板,10.0,A,20210730,I
2123,884238.TI,血液制品,6.0,A,20210730,I
2124,884239.TI,疫苗,10.0,A,20210730,I
2125,884240.TI,其他生物制品,29.0,A,20210730,I
2126,884242.TI,医疗耗材,37.0,A,20210730,I
2127,884243.TI,体外诊断,38.0,A,20210730,I
2128,884244.TI,医疗研发外包,22.0,A,20210730,I
2129,884245.TI,其他医疗服务,22.0,A,20210730,I
2130,884246.TI,电能综合服务,14.0,A,20210730,I
2131,884247.TI,商业地产,9.0,A,20210730,I
2132,884248.TI,房地产服务Ⅲ,8.0,A,20210730,I
2133,884249.TI,国有大型银行,6.0,A,20210730,I
2134,884250.TI,股份制银行,9.0,A,20210730,I
2135,884251.TI,城商行,17.0,A,20210730,I
2136,884252.TI,农商行,10.0,A,20210730,I
2137,884253.TI,其他银行,,A,20210730,I
2138,884254.TI,旅游零售,1.0,A,20210730,I
2139,884255.TI,互联网电商Ⅲ,15.0,A,20210730,I
2140,884256.TI,教育Ⅲ,21.0,A,20210730,I
2141,884257.TI,专业服务,23.0,A,20210730,I
2142,884258.TI,体育,3.0,A,20210730,I
2143,884259.TI,其他社会服务Ⅲ,,A,20210730,I
2144,884260.TI,游戏,34.0,A,20210730,I
2145,884261.TI,数字媒体,13.0,A,20210730,I
2146,884262.TI,通信网络设备及器件,31.0,A,20210730,I
2147,884263.TI,通信线缆及配套,11.0,A,20210730,I
2148,884264.TI,通信终端及配件,26.0,A,20210730,I
2149,884265.TI,其他通信设备,11.0,A,20210730,I
2150,884266.TI,军工电子,44.0,A,20210730,I
2151,884267.TI,大气治理,8.0,A,20210730,I
2152,884268.TI,水务及水治理,42.0,A,20210730,I
2153,884269.TI,固废治理,27.0,A,20210730,I
2154,884270.TI,综合环境治理,24.0,A,20210730,I
2155,884271.TI,个护用品,13.0,A,20210730,I
2156,884272.TI,化妆品,13.0,A,20210730,I
2157,884273.TI,医疗美容,3.0,A,20210730,I
2158,884274.TI,IT服务,114.0,A,20210730,I
